id,key,n_top,a_method,a_node,a_cut,a_loess_from,b_method,b_node,b_cut,b_loess_from,kept,changed,changed%,Jaccard,Spearman,Kendall,RBO
57acc1cb,F-NN,2000,f_stat,Mono,children,,f_stat,NK,children,,462,1538,76.9,0.1305822498586772,0.4219513101978926,0.2902653322658894,0.0085006787379078
53c766ce,KW-NN,2000,kw,Mono,children,,kw,NK,children,,456,1544,77.2,0.128668171557562,0.4356693415999684,0.3003150115416017,0.0017283573900917
05d45447,VST(v_0)-NN,2000,vst,Mono,,root,vst,NK,,root,466,1534,76.7,0.1318619128466327,-0.0059327753113131,-0.0087839073638992,0.1909964964389124
038a0396,F-NN,2000,f_stat,CD4 T,children,,f_stat,CD8 T,children,,1458,542,27.1,0.5735641227380016,0.8231908693795627,0.639632257461929,0.2465624801291931
e75884e1,KW-NN,2000,kw,CD4 T,children,,kw,CD8 T,children,,1399,601,30.05,0.5378700499807766,0.8162275521120275,0.6307082001650588,0.2486583448209809
1ad9e560,VST(v_0)-NN,2000,vst,CD4 T,,root,vst,CD8 T,,root,1142,858,42.9,0.3995801259622113,0.619322219048827,0.4859861570447533,0.6622334097362439
a9700b59,F-CL,2000,f_stat,root,children,,f_stat,root,leaves,,1688,312,15.6,0.7301038062283737,0.9555018870374956,0.8487605196643992,0.5504304888714409
e448c635,KW-CL,2000,kw,root,children,,kw,root,leaves,,1741,259,12.95,0.7706949977866312,0.9604897234701856,0.8584296353951396,0.7502827093413077
30c52e4c,F-CL,2000,f_stat,CD4 T,children,,f_stat,CD4 T,leaves,,1867,133,6.65,0.8752930145335208,0.9707040705780284,0.8708062191637024,0.9230586591444008
2097f082,KW-CL,2000,kw,CD4 T,children,,kw,CD4 T,leaves,,1853,147,7.35,0.8630647414997671,0.9715225432529968,0.8719817265907804,0.8635189528417276
a049c136,F-NR,2000,f_stat,ASDC,children,,f_stat,root,leaves,,563,1437,71.85000000000001,0.1638056444573756,0.5089575616637979,0.3668278419163603,0.2253332850957576
9dcf766a,KW-NR,2000,kw,ASDC,children,,kw,root,leaves,,535,1465,73.25,0.1544011544011544,0.5107657316668774,0.3675364012864922,0.0785162270086399
bfa1854b,VST(v)-NR,2000,vst,ASDC,,,vst,root,,,422,1578,78.9,0.1179429849077697,-0.0453831667148469,-0.0319802354693203,0.0961352776837213
6d01e200,VST(v_0)-NR,2000,vst,ASDC,,root,vst,root,,,416,1584,79.2,0.1160714285714285,-0.0146728539105914,-0.0054635923525119,0.0869654921558116
28ba1e8a,F-NR,2000,f_stat,B intermediate,children,,f_stat,root,leaves,,527,1473,73.65,0.1517420097898071,0.3296418691360844,0.2274386527790119,0.0589853046723352
3558ab49,KW-NR,2000,kw,B intermediate,children,,kw,root,leaves,,522,1478,73.9,0.1500862564692351,0.322970127503292,0.2225122421412042,0.07453153539979
5d93e371,VST(v)-NR,2000,vst,B intermediate,,,vst,root,,,719,1281,64.05,0.2191405059433099,0.2808909720719054,0.2067987189404576,0.2542699807559363
03d20906,VST(v_0)-NR,2000,vst,B intermediate,,root,vst,root,,,667,1333,66.64999999999999,0.2001200120012001,0.2639112222596315,0.2020800040082479,0.2220767070669582
ebf86535,F-NR,2000,f_stat,B memory,children,,f_stat,root,leaves,,370,1630,81.5,0.1019283746556473,0.230449662417707,0.156314630533884,0.0292411616054156
1e8c5a68,KW-NR,2000,kw,B memory,children,,kw,root,leaves,,371,1629,81.45,0.1022320198401763,0.2291917164701551,0.15528350985688,0.0255296398553309
989e3bca,VST(v)-NR,2000,vst,B memory,,,vst,root,,,695,1305,65.25,0.2102874432677761,0.3095489834480106,0.2269760528838082,0.3184146396842523
9e862aa0,VST(v_0)-NR,2000,vst,B memory,,root,vst,root,,,634,1366,68.30000000000001,0.1883541295306001,0.291747553730462,0.2232867891557509,0.2872135609531741
42bdc6e4,F-NR,2000,f_stat,B naive,children,,f_stat,root,leaves,,516,1484,74.2,0.148105625717566,0.3061972186795553,0.2103765113767596,0.0422934161973301
3d5287da,KW-NR,2000,kw,B naive,children,,kw,root,leaves,,543,1457,72.85000000000001,0.1570726063060457,0.2994544461709653,0.2057039311887873,0.0184471579703347
fcf6ca9f,VST(v)-NR,2000,vst,B naive,,,vst,root,,,737,1263,63.14999999999999,0.225865767698437,0.3307519674195452,0.2406064845181223,0.2933069525065653
ffac8aef,VST(v_0)-NR,2000,vst,B naive,,root,vst,root,,,678,1322,66.10000000000001,0.2040939193257074,0.2493468364274688,0.1812430087578487,0.2959347956632546
71b15772,F-NR,2000,f_stat,CD4 TCM,children,,f_stat,root,leaves,,699,1301,65.05,0.2117540139351711,0.5839814818713654,0.421883414565449,0.0440756749317775
05c5ea83,KW-NR,2000,kw,CD4 TCM,children,,kw,root,leaves,,654,1346,67.30000000000001,0.1954572624028691,0.5885703083717133,0.4256603448581587,0.056814183686569
4f6b4128,VST(v)-NR,2000,vst,CD4 TCM,,,vst,root,,,667,1333,66.64999999999999,0.2001200120012001,0.4230653741305571,0.3158076381787169,0.1681127793173907
987fbb82,VST(v_0)-NR,2000,vst,CD4 TCM,,root,vst,root,,,638,1362,68.10000000000001,0.189767995240928,0.4297173822609193,0.3293854655472851,0.1743085693211695
92282d3a,F-NR,2000,f_stat,CD4 TEM,children,,f_stat,root,leaves,,637,1363,68.15,0.1894142134998513,0.4774444464753163,0.3377220348376191,0.0910479232195473
613dd89f,KW-NR,2000,kw,CD4 TEM,children,,kw,root,leaves,,626,1374,68.7,0.1855364552459988,0.4917972243481357,0.3487687087505846,0.1143752932306469
649f304d,VST(v)-NR,2000,vst,CD4 TEM,,,vst,root,,,644,1356,67.80000000000001,0.1918951132300357,0.259843887736245,0.1904896894456264,0.1873834743602002
0c7f3569,VST(v_0)-NR,2000,vst,CD4 TEM,,root,vst,root,,,589,1411,70.55,0.1726766344180592,0.2398393436858202,0.1829750556711508,0.216212336432538
cf998902,F-NR,2000,f_stat,CD8 Naive,children,,f_stat,root,leaves,,581,1419,70.95,0.16993272886809,0.5119772154210459,0.3638556512332213,0.1273982645420777
134aa5ca,KW-NR,2000,kw,CD8 Naive,children,,kw,root,leaves,,502,1498,74.9,0.1435105774728416,0.510390725874929,0.3620402673230551,0.0665815035182316
4c842714,VST(v)-NR,2000,vst,CD8 Naive,,,vst,root,,,593,1407,70.35,0.174053419430584,0.3395943083408909,0.2517948151649389,0.0904755296547149
6eda0e29,VST(v_0)-NR,2000,vst,CD8 Naive,,root,vst,root,,,552,1448,72.39999999999999,0.1600928074245939,0.3613756890504106,0.2772293051862271,0.1014591026415254
272fe720,F-NR,2000,f_stat,CD8 TCM,children,,f_stat,root,leaves,,628,1372,68.60000000000001,0.1862396204033214,0.4172617132514331,0.2921479188866107,0.0797617705399885
e8a35028,KW-NR,2000,kw,CD8 TCM,children,,kw,root,leaves,,623,1377,68.85,0.1844832691738229,0.4133586422154792,0.2892689300914103,0.0388657528946521
6393fa39,VST(v)-NR,2000,vst,CD8 TCM,,,vst,root,,,638,1362,68.10000000000001,0.189767995240928,0.2242361855714057,0.1647284650508673,0.0698240435036666
b67d1ba3,VST(v_0)-NR,2000,vst,CD8 TCM,,root,vst,root,,,570,1430,71.5,0.1661807580174927,0.2273681935455955,0.1758084339697008,0.0996388609571135
59cd0568,F-NR,2000,f_stat,CD8 TEM,children,,f_stat,root,leaves,,816,1184,59.2,0.2562814070351759,0.5926379001772849,0.4305022006702199,0.1894448795122757
3b1628cc,KW-NR,2000,kw,CD8 TEM,children,,kw,root,leaves,,813,1187,59.35,0.2550988390335739,0.5878309313495631,0.4262366170452567,0.1549076581581361
b54a00b4,VST(v)-NR,2000,vst,CD8 TEM,,,vst,root,,,780,1220,61.0,0.2422360248447205,0.3734755801442643,0.2719151853361958,0.173468568506644
878a6290,VST(v_0)-NR,2000,vst,CD8 TEM,,root,vst,root,,,738,1262,63.1,0.226241569589209,0.3256642515581325,0.2396504481267267,0.1740759844190191
b227822f,F-NR,2000,f_stat,Plasmablast,children,,f_stat,root,leaves,,369,1631,81.55,0.1016248967226659,0.4621644424046583,0.3283442763756379,0.0012852499487334
b4be0fc7,KW-NR,2000,kw,Plasmablast,children,,kw,root,leaves,,326,1674,83.7,0.0887316276537833,0.4645448540076622,0.3300166142854845,0.0001311932935746
3381cdff,VST(v)-NR,2000,vst,Plasmablast,,,vst,root,,,633,1367,68.35,0.188001188001188,0.0444627403047944,0.0323002530676857,0.2309917537697489
6e904fb1,VST(v_0)-NR,2000,vst,Plasmablast,,root,vst,root,,,663,1337,66.85,0.1986814504045549,0.0431856172789608,0.0317988176358005,0.3848863556343453
aeaab4e7,F-NR,2000,f_stat,Treg,children,,f_stat,root,leaves,,653,1347,67.35,0.1951000896325067,0.4723453466857751,0.3360000891259727,0.0697224237955149
16d0305d,KW-NR,2000,kw,Treg,children,,kw,root,leaves,,630,1370,68.5,0.1869436201780415,0.4641212978675477,0.3297857318340083,0.067697867801494
20530808,VST(v)-NR,2000,vst,Treg,,,vst,root,,,579,1421,71.05,0.1692487576731949,0.1474458585681825,0.1073822333145222,0.1710304830698152
84e777b3,VST(v_0)-NR,2000,vst,Treg,,root,vst,root,,,544,1456,72.8,0.1574074074074074,0.101215514924871,0.0754811115858933,0.1858583200489656
440bcba8,F-NR,2000,f_stat,cDC2,children,,f_stat,root,leaves,,925,1075,53.75,0.3008130081300813,0.4931651817445348,0.3501747750179159,0.2163432884628244
9d87cb90,KW-NR,2000,kw,cDC2,children,,kw,root,leaves,,954,1046,52.3,0.3131976362442548,0.49478478714112,0.3515447891762066,0.2393239832370187
61864028,VST(v)-NR,2000,vst,cDC2,,,vst,root,,,802,1198,59.9,0.2507817385866166,0.2600186320345256,0.1894462466831091,0.1807463969737829
ab89158f,VST(v_0)-NR,2000,vst,cDC2,,root,vst,root,,,753,1247,62.35000000000001,0.2319063751154912,0.2231317227338902,0.1658589728633005,0.1909574505595009
501ccd8a,F-NR,2000,f_stat,dnT,children,,f_stat,root,leaves,,526,1474,73.7,0.1514104778353483,0.5196565159704162,0.379107260913949,0.0645251989687143
cb382af4,KW-NR,2000,kw,dnT,children,,kw,root,leaves,,489,1511,75.55,0.1392765593847906,0.5253626540569148,0.3841759969181897,0.0557033549874918
bc9fb813,VST(v)-NR,2000,vst,dnT,,,vst,root,,,496,1504,75.2,0.1415525114155251,0.0176048365020098,0.0128733698424604,0.0243254556692245
ec6ce306,VST(v_0)-NR,2000,vst,dnT,,root,vst,root,,,482,1518,75.9,0.1370096645821489,-0.0044494035550304,-0.002206568507,0.0255987679787009
5f8c382e,F-NR,2000,f_stat,gdT,children,,f_stat,root,leaves,,770,1230,61.5,0.2383900928792569,0.5608502955864887,0.406792095643368,0.1861208473205916
9cb8e67d,KW-NR,2000,kw,gdT,children,,kw,root,leaves,,774,1226,61.3,0.2399256044637321,0.5555293627690128,0.4025832628093949,0.1535960060652623
d4b58fe6,VST(v)-NR,2000,vst,gdT,,,vst,root,,,719,1281,64.05,0.2191405059433099,0.2663180092144963,0.1937490457976159,0.1357667248387247
3451ee10,VST(v_0)-NR,2000,vst,gdT,,root,vst,root,,,673,1327,66.35,0.2022843402464683,0.2294264071588592,0.171205287236472,0.1417327623283349
d40f4b57,F-NR,2000,f_stat,random L2 (seed 0),leaves,,f_stat,root,leaves,,1800,200,10.0,0.8181818181818182,0.8551519754864749,0.7114034551034121,0.6073141574039596
3e8b2de7,KW-NR,2000,kw,random L2 (seed 0),leaves,,kw,root,leaves,,1821,179,8.95,0.8357044515832951,0.8612528921484444,0.720942126215507,0.8462305437830873
17cab982,VST(v)-NR,2000,vst,random L2 (seed 0),,,vst,root,,,1461,539,26.950000000000003,0.5754233950374164,0.5687626017588423,0.4481529645210343,0.4513617885721627
8df1c6e0,VST(v_0)-NR,2000,vst,random L2 (seed 0),,root,vst,root,,,1466,534,26.700000000000003,0.5785319652722968,0.536296518674732,0.4220315730960276,0.4513713874341915
5af35d97,F-NR,2000,f_stat,B,children,,f_stat,root,leaves,,782,1218,60.9,0.2430080795525171,0.6220233153620468,0.4562634432418048,0.0384527763093722
677a9b06,KW-NR,2000,kw,B,children,,kw,root,leaves,,745,1255,62.74999999999999,0.2288786482334869,0.6279865270365104,0.4612187088966735,0.0367268248083524
b11eb3ac,VST(v)-NR,2000,vst,B,,,vst,root,,,841,1159,57.95,0.2662234884457106,0.4945552590561968,0.3688094516998206,0.4777786459721016
facfe756,VST(v_0)-NR,2000,vst,B,,root,vst,root,,,832,1168,58.4,0.2626262626262626,0.4418141786872335,0.3322869869879406,0.4590808545291643
6e53e245,F-NR,2000,f_stat,CD4 T,children,,f_stat,root,leaves,,809,1191,59.55,0.2535255405828894,0.6379917656521616,0.4755618832082078,0.14373856888054
6ddb52b6,KW-NR,2000,kw,CD4 T,children,,kw,root,leaves,,759,1241,62.05,0.2341869793273681,0.6334998281542469,0.4718644303789531,0.1059349656614718
196f9c3d,VST(v)-NR,2000,vst,CD4 T,,,vst,root,,,788,1212,60.6,0.2453300124533001,0.5533243060832228,0.4192447543952732,0.1809947032285004
12a3ce88,VST(v_0)-NR,2000,vst,CD4 T,,root,vst,root,,,766,1234,61.7,0.2368583797155225,0.5576566116882838,0.4268137469999247,0.1870767672045595
20d29cf1,F-NR,2000,f_stat,CD8 T,children,,f_stat,root,leaves,,819,1181,59.05,0.2574662055957246,0.6164958736834635,0.4555671058986873,0.1398913027057005
74770617,KW-NR,2000,kw,CD8 T,children,,kw,root,leaves,,770,1230,61.5,0.2383900928792569,0.5977010772262739,0.4393682088983625,0.1532041174842111
b92e6dba,VST(v)-NR,2000,vst,CD8 T,,,vst,root,,,858,1142,57.1,0.2730744748567791,0.510219076022475,0.3832129720385677,0.1807442700207478
b6bbde96,VST(v_0)-NR,2000,vst,CD8 T,,root,vst,root,,,845,1155,57.75,0.2678288431061806,0.5111341813832089,0.3866194225862279,0.1817110689282232
94a9bd89,F-NR,2000,f_stat,DC,children,,f_stat,root,leaves,,822,1178,58.9,0.2586532410320956,0.6805101666583231,0.4985324113016964,0.1553961789241813
44aee88d,KW-NR,2000,kw,DC,children,,kw,root,leaves,,814,1186,59.3,0.2554927809165097,0.68532949571933,0.5025151639252861,0.0532513570261799
47d141b8,VST(v)-NR,2000,vst,DC,,,vst,root,,,904,1096,54.8,0.2919896640826873,0.3819846338478896,0.2834749755919173,0.2378975880937814
451be93a,VST(v_0)-NR,2000,vst,DC,,root,vst,root,,,890,1110,55.50000000000001,0.2861736334405145,0.3328160816192794,0.2451125488735952,0.2489571390378696
d7395abe,F-NR,2000,f_stat,Mono,children,,f_stat,root,leaves,,864,1136,56.8,0.2755102040816326,0.568185725612721,0.4077214029333038,0.1840334038020824
8a47831a,KW-NR,2000,kw,Mono,children,,kw,root,leaves,,875,1125,56.25,0.28,0.56857124900782,0.4085929370317653,0.1221907088640703
333df576,VST(v)-NR,2000,vst,Mono,,,vst,root,,,922,1078,53.900000000000006,0.299545159194282,0.568622182886939,0.4334548713835628,0.3432389667761557
21c9dbc6,VST(v_0)-NR,2000,vst,Mono,,root,vst,root,,,860,1140,56.99999999999999,0.2738853503184713,0.5030675856019665,0.3785670068153427,0.4144656445979826
e4968c33,F-NR,2000,f_stat,NK,children,,f_stat,root,leaves,,615,1385,69.25,0.1816838995568685,0.5332389557447268,0.3776645035389751,0.0038368705150054
b2f98495,KW-NR,2000,kw,NK,children,,kw,root,leaves,,564,1436,71.8,0.1641443538998835,0.5432683333301485,0.3848758451183965,0.0021983149971292
fb9503b2,VST(v)-NR,2000,vst,NK,,,vst,root,,,788,1212,60.6,0.2453300124533001,0.4304504905748674,0.3169250820090547,0.1824742848072677
593440cf,VST(v_0)-NR,2000,vst,NK,,root,vst,root,,,719,1281,64.05,0.2191405059433099,0.3543051951152721,0.2608183070528817,0.1899841268212193
c76b4268,F-NR,2000,f_stat,other,children,,f_stat,root,leaves,,1097,903,45.15,0.3778849466069583,0.6960494142354177,0.5183012041271507,0.2993790871516759
0722d524,KW-NR,2000,kw,other,children,,kw,root,leaves,,995,1005,50.24999999999999,0.3311148086522462,0.7230755094053737,0.5419693994325648,0.0521239035329264
3c4c1bd0,VST(v)-NR,2000,vst,other,,,vst,root,,,1012,988,49.4,0.3386880856760375,0.3354527213454338,0.2360343812302103,0.3566730080852883
b02a5088,VST(v_0)-NR,2000,vst,other,,root,vst,root,,,1016,984,49.2,0.3404825737265415,0.2451881306938992,0.1680288848709616,0.3685145229516515
c3a12ffc,F-NR,2000,f_stat,other T,children,,f_stat,root,leaves,,742,1258,62.9,0.2277470841006752,0.5691219914852046,0.4106487464962021,0.1048902344754317
538ce274,KW-NR,2000,kw,other T,children,,kw,root,leaves,,751,1249,62.45,0.2311480455524777,0.5646186375545152,0.4066949016082321,0.0951082026596524
805f00f3,VST(v)-NR,2000,vst,other T,,,vst,root,,,755,1245,62.25000000000001,0.2326656394453004,0.3306915152212481,0.2427510251275099,0.1226067941911608
b16f9dbf,VST(v_0)-NR,2000,vst,other T,,root,vst,root,,,713,1287,64.35,0.2169151201703681,0.2857988052995846,0.2118321025567214,0.1357041960850985
bf39b23f,F-NR,2000,f_stat,random L1 (seed 0),leaves,,f_stat,root,leaves,,1928,72,3.6,0.9305019305019304,0.955801090552852,0.8545703363247745,0.925002511907973
9ac6948c,KW-NR,2000,kw,random L1 (seed 0),leaves,,kw,root,leaves,,1937,63,3.15,0.9389238972370334,0.958632385035863,0.8607287737684451,0.9550643530653312
ee6efae6,VST(v)-NR,2000,vst,random L1 (seed 0),,,vst,root,,,1675,325,16.25,0.7204301075268817,0.7991567816562676,0.6610221825163481,0.6127404750672859
06b76559,VST(v_0)-NR,2000,vst,random L1 (seed 0),,root,vst,root,,,1683,317,15.85,0.7263703064307294,0.7742102567959466,0.6398990994198213,0.6120892043732088
