tag,hvg,n_hvg,backend,fold,node,n,routed_reselect,split_reselect,routed_fixed_global,split_fixed_global
f_statistic_0300hvg_lgbm_fold0,f_statistic,300,lgbm,0,Effector B cell,2433,0.5277435265104808,0.9548286604361371,0.706124126592684,0.930151338766007
f_statistic_0300hvg_lgbm_fold1,f_statistic,300,lgbm,1,Effector B cell,2329,0.5259768140832976,0.9542857142857143,0.7045942464577072,0.9287020109689214
f_statistic_0300hvg_lgbm_fold2,f_statistic,300,lgbm,2,Effector B cell,1964,0.5259674134419552,0.9612778315585673,0.6868635437881874,0.9362490733876946
f_statistic_0300hvg_lgbm_fold3,f_statistic,300,lgbm,3,Effector B cell,2256,0.48936170212765956,0.9628623188405797,0.6511524822695035,0.9292035398230089
f_statistic_0300hvg_lgbm_fold4,f_statistic,300,lgbm,4,Effector B cell,2347,0.47464848743076266,0.947935368043088,0.6322965487856839,0.9137466307277629
f_statistic_0300hvg_logit_fold0,f_statistic,300,logit,0,Effector B cell,2433,0.4866420057542129,0.9543918918918919,0.689272503082614,0.9272510435301133
f_statistic_0300hvg_logit_fold1,f_statistic,300,logit,1,Effector B cell,2329,0.49291541434091884,0.9590592334494773,0.6745384285100902,0.9236155315085932
f_statistic_0300hvg_logit_fold2,f_statistic,300,logit,2,Effector B cell,1964,0.46181262729124234,0.9514884233737596,0.6384928716904277,0.9154704944178629
f_statistic_0300hvg_logit_fold3,f_statistic,300,logit,3,Effector B cell,2256,0.4397163120567376,0.9596774193548387,0.624113475177305,0.9247159090909091
f_statistic_0300hvg_logit_fold4,f_statistic,300,logit,4,Effector B cell,2347,0.41286749041329357,0.9226006191950464,0.6165317426501917,0.9053213545266068
seurat_v3_shareloess_0300hvg_lgbm_fold0,seurat_v3,300,lgbm,0,Effector B cell,2433,0.5458281956432388,0.9390060240963856,0.5552815454171804,0.923760177646188
seurat_v3_shareloess_0300hvg_lgbm_fold1,seurat_v3,300,lgbm,1,Effector B cell,2329,0.5173894375268355,0.9394190871369295,0.5573207385143839,0.8998459167950693
seurat_v3_shareloess_0300hvg_lgbm_fold2,seurat_v3,300,lgbm,2,Effector B cell,1964,0.48217922606924646,0.9440337909186906,0.5366598778004074,0.9136622390891841
seurat_v3_shareloess_0300hvg_lgbm_fold3,seurat_v3,300,lgbm,3,Effector B cell,2256,0.48271276595744683,0.9504132231404959,0.47650709219858156,0.9023255813953488
seurat_v3_shareloess_0300hvg_lgbm_fold4,seurat_v3,300,lgbm,4,Effector B cell,2347,0.4853003834682573,0.9350307287093942,0.4507882403067746,0.9007561436672968
seurat_v3_shareloess_0300hvg_logit_fold0,seurat_v3,300,logit,0,Effector B cell,2433,0.44841759145088367,0.9330889092575618,0.47307850390464445,0.8870547350130321
seurat_v3_shareloess_0300hvg_logit_fold1,seurat_v3,300,logit,1,Effector B cell,2329,0.42636324602833836,0.9385699899295066,0.4645770717045942,0.8807763401109058
seurat_v3_shareloess_0300hvg_logit_fold2,seurat_v3,300,logit,2,Effector B cell,1964,0.3874745417515275,0.923784494086728,0.4546843177189409,0.8913773796192609
seurat_v3_shareloess_0300hvg_logit_fold3,seurat_v3,300,logit,3,Effector B cell,2256,0.41312056737588654,0.9356223175965666,0.4091312056737589,0.8829902491874323
seurat_v3_shareloess_0300hvg_logit_fold4,seurat_v3,300,logit,4,Effector B cell,2347,0.38389433319130806,0.9211986681465039,0.386024712398807,0.8653421633554084
f_statistic_2000hvg_lgbm,f_statistic,2000,lgbm,0,Effector B cell,2433,0.7813399095766543,0.9600210415570752,0.7854500616522812,0.9497645211930926
f_statistic_2000hvg_logit,f_statistic,2000,logit,0,Effector B cell,2433,0.7755856966707768,0.9602543720190779,0.7796958487464036,0.940959409594096
seurat_v3_shareloess_2000hvg_lgbm,seurat_v3,2000,lgbm,0,Effector B cell,2433,0.781750924784217,0.9589905362776026,0.802301685162351,0.9554303278688525
seurat_v3_shareloess_2000hvg_logit,seurat_v3,2000,logit,0,Effector B cell,2433,0.7722975750102754,0.9627461415646621,0.7801068639539663,0.952054794520548
