tag,hvg,n_hvg,backend,fold,path,node,depth,n_markers,reselect,fixed,lost,gained,delta
f_statistic_0300hvg_logit_fold0,f_statistic,300,logit,0,root,root,0,140,0.2642857142857143,0.39285714285714285,AXL C1QA C1orf54 CCL5 CD8A CD8B CDKN1C CLEC9A FCGR3A GZMK IDO1 IGKC IL3RA ITM2C JCHAIN KLRB1 LAMP5 MZB1 TRDC,TRAC,-0.12857142857142856
f_statistic_0300hvg_logit_fold0,f_statistic,300,logit,0,root/B cell,B cell,1,42,0.19047619047619047,0.09523809523809523,FCER2 MS4A1 ZEB2,AIM2 CD27 CD38 IGHA1 PRDM1 SLAMF7 XBP1,0.09523809523809523
f_statistic_0300hvg_logit_fold0,f_statistic,300,logit,0,root/B cell/Naive B cell,Naive B cell,2,24,0.4583333333333333,0.125,FCER2 ZEB2,AIM2 CD24 CD27 FAS IFI44L IGHA2 IGHG1 IL4R ISG15 STAT1,0.3333333333333333
f_statistic_0300hvg_logit_fold0,f_statistic,300,logit,0,root/B cell/Memory B cell,Memory B cell,2,27,0.14814814814814814,0.1111111111111111,FCER2 ZEB2,CD69 IL4R MCL1,0.037037037037037035
f_statistic_0300hvg_logit_fold0,f_statistic,300,logit,0,root/B cell/Effector B cell,Effector B cell,2,21,0.19047619047619047,0.14285714285714285,FCER2 MS4A1,CD24 CD27 IGHD,0.047619047619047616
f_statistic_0300hvg_logit_fold0,f_statistic,300,logit,0,root/T cell,T cell,1,36,0.5555555555555556,0.2777777777777778,KLRF1,CCR7 FOXP3 ITGB1 LEF1 MKI67 RTKN2 SELL SLC4A10 TRDV2 TRGC1 TRGC2,0.2777777777777778
f_statistic_0300hvg_logit_fold0,f_statistic,300,logit,0,root/T cell/Naive CD4 T cell,Naive CD4 T cell,2,20,0.3,0.35,CD8A GZMA GZMB GZMK KLRB1 KLRD1 KLRF1,IFI44 ISG15 LEF1 MX1 SELL SOX4,-0.04999999999999999
f_statistic_0300hvg_logit_fold0,f_statistic,300,logit,0,root/T cell/Memory CD4 T cell,Memory CD4 T cell,2,20,0.7,0.4,CD8A KLRB1,CCR7 CD27 IFI44 ISG15 ITGB1 LEF1 MX1 SELL,0.29999999999999993
f_statistic_0300hvg_logit_fold0,f_statistic,300,logit,0,root/T cell/Treg,Treg,2,20,0.45,0.35,KLRF1,FAS ITGB1 TCF7,0.10000000000000003
f_statistic_0300hvg_logit_fold0,f_statistic,300,logit,0,root/T cell/Naive CD8 T cell,Naive CD8 T cell,2,25,0.32,0.32,CD8A GZMA GZMB GZMK KLRB1 KLRD1 KLRF1 TRDC,IFI44 ISG15 ITGA4 LEF1 MX1 SELL SOX4 TCF7,0.0
f_statistic_0300hvg_logit_fold0,f_statistic,300,logit,0,root/T cell/Memory CD8 T cell,Memory CD8 T cell,2,25,0.56,0.36,CD8A KLRB1 TRDC,CCR7 CD27 ISG15 ITGB1 LEF1 MX1 SELL TRGC1,0.20000000000000007
f_statistic_0300hvg_logit_fold0,f_statistic,300,logit,0,root/T cell/gdT,gdT,2,23,0.782608695652174,0.34782608695652173,,CCR7 CD27 ITGB1 KLRC2 LEF1 SOX4 TRAC TRDV1 TRDV2 TRGC1,0.4347826086956522
f_statistic_0300hvg_logit_fold0,f_statistic,300,logit,0,root/T cell/MAIT,MAIT,2,25,0.36,0.32,CD8A GZMA GZMB GZMK KLRB1 KLRD1 KLRF1 TRDC,CCR7 CD4 ISG15 ITGA4 ITGB1 LEF1 MX1 SELL TRAC,0.03999999999999998
f_statistic_0300hvg_logit_fold0,f_statistic,300,logit,0,root/NK cell,NK cell,1,13,0.46153846153846156,0.46153846153846156,CD3D CD3E FCER1G,KLRC1 MKI67 NCAM1,0.0
f_statistic_0300hvg_logit_fold0,f_statistic,300,logit,0,root/NK cell/CD56dim NK cell,CD56dim NK cell,2,13,0.8461538461538461,0.46153846153846156,,ISG15 KLRC1 KLRC2 MX1 MX2,0.3846153846153846
f_statistic_0300hvg_logit_fold0,f_statistic,300,logit,0,root/Monocyte,Monocyte,1,23,0.4782608695652174,0.5217391304347826,CD74,,-0.04347826086956519
f_statistic_0300hvg_logit_fold0,f_statistic,300,logit,0,root/Monocyte/CD14 monocyte,CD14 monocyte,2,20,0.5,0.5,C1QA CD68 CD74 CDKN1C FCGR3A LST1 S100A8 S100A9 VCAN,CCL3 CXCL8 IFI44L IFI6 IL1B ISG15 MX1 NFKBIA SOD2,0.0
f_statistic_0300hvg_logit_fold0,f_statistic,300,logit,0,root/Monocyte/CD16 monocyte,CD16 monocyte,2,19,0.47368421052631576,0.5263157894736842,CD14 CD68 LST1 S100A8 S100A9 VCAN,C1QB IFI44L IFI6 ISG15 MX1,-0.05263157894736842
f_statistic_0300hvg_logit_fold0,f_statistic,300,logit,0,root/DC,DC,1,33,0.6060606060606061,0.6363636363636364,CD14 FCN1 S100A8 S100A9 VCAN,PLAC8 PTCRA SMIM5 XCR1,-0.030303030303030276
f_statistic_0300hvg_logit_fold0,f_statistic,300,logit,0,root/DC/cDC2,cDC2,2,24,0.6666666666666666,0.6666666666666666,AXL C1orf54 CLEC9A IL3RA IRF8 SPI1,CD163 CD1C IFI44L IFI6 ISG15 MX1,0.0
f_statistic_0300hvg_logit_fold0,f_statistic,300,logit,0,root/Progenitor cell/Progenitor cell,Progenitor cell,2,5,0.0,0.4,CD34 HBB,,-0.4
f_statistic_0300hvg_logit_fold1,f_statistic,300,logit,1,root,root,0,140,0.2642857142857143,0.38571428571428573,AXL C1QA C1orf54 CCL5 CD8A CD8B CDKN1C CLEC9A FCGR3A GZMK IDO1 IL3RA ITM2C JCHAIN KLRB1 LAMP5 MZB1 TRDC,TRAC,-0.12142857142857144
f_statistic_0300hvg_logit_fold1,f_statistic,300,logit,1,root/B cell,B cell,1,42,0.19047619047619047,0.09523809523809523,FCER2 MS4A1 ZEB2,CD27 CD38 IGHA1 IGHG1 PRDM1 SLAMF7 XBP1,0.09523809523809523
f_statistic_0300hvg_logit_fold1,f_statistic,300,logit,1,root/B cell/Naive B cell,Naive B cell,2,24,0.4166666666666667,0.125,FCER2 ZEB2,AIM2 CD24 CD27 IFI44L IGHA2 IGHG1 IL4R ISG15 STAT1,0.2916666666666667
f_statistic_0300hvg_logit_fold1,f_statistic,300,logit,1,root/B cell/Memory B cell,Memory B cell,2,27,0.14814814814814814,0.1111111111111111,FCER2 ZEB2,CD69 IL4R MCL1,0.037037037037037035
f_statistic_0300hvg_logit_fold1,f_statistic,300,logit,1,root/B cell/Effector B cell,Effector B cell,2,21,0.19047619047619047,0.14285714285714285,FCER2 MS4A1,CD24 CD27 IGHD,0.047619047619047616
f_statistic_0300hvg_logit_fold1,f_statistic,300,logit,1,root/T cell,T cell,1,36,0.5555555555555556,0.2777777777777778,KLRF1,CCR7 FOXP3 ITGB1 LEF1 MKI67 RTKN2 SELL SLC4A10 TRDV2 TRGC1 TRGC2,0.2777777777777778
f_statistic_0300hvg_logit_fold1,f_statistic,300,logit,1,root/T cell/Naive CD4 T cell,Naive CD4 T cell,2,20,0.35,0.35,CD8A GZMA GZMB GZMK KLRB1 KLRD1 KLRF1,IFI44 ISG15 ITGB1 LEF1 MX1 SELL SOX4,0.0
f_statistic_0300hvg_logit_fold1,f_statistic,300,logit,1,root/T cell/Memory CD4 T cell,Memory CD4 T cell,2,20,0.7,0.4,CD8A KLRB1,CCR7 CD27 IFI44 ISG15 ITGB1 LEF1 MX1 SELL,0.29999999999999993
f_statistic_0300hvg_logit_fold1,f_statistic,300,logit,1,root/T cell/Treg,Treg,2,20,0.45,0.35,KLRF1,FAS ITGB1 TCF7,0.10000000000000003
f_statistic_0300hvg_logit_fold1,f_statistic,300,logit,1,root/T cell/Naive CD8 T cell,Naive CD8 T cell,2,25,0.32,0.32,CD8A GZMA GZMB GZMK KLRB1 KLRD1 KLRF1 TRDC,IFI44 ISG15 ITGA4 LEF1 MX1 SELL SOX4 TCF7,0.0
f_statistic_0300hvg_logit_fold1,f_statistic,300,logit,1,root/T cell/Memory CD8 T cell,Memory CD8 T cell,2,25,0.52,0.36,CD8A KLRB1 TRDC,CCR7 CD27 ISG15 ITGB1 LEF1 MX1 SELL,0.16000000000000003
f_statistic_0300hvg_logit_fold1,f_statistic,300,logit,1,root/T cell/gdT,gdT,2,23,0.782608695652174,0.34782608695652173,,CCR7 CD27 ITGB1 KLRC2 LEF1 SOX4 TRAC TRDV1 TRDV2 TRGC1,0.4347826086956522
f_statistic_0300hvg_logit_fold1,f_statistic,300,logit,1,root/T cell/MAIT,MAIT,2,25,0.36,0.32,CD8A GZMA GZMB GZMK KLRB1 KLRD1 KLRF1 TRDC,CCR7 CD4 ISG15 ITGA4 ITGB1 LEF1 MX1 SELL TRAC,0.03999999999999998
f_statistic_0300hvg_logit_fold1,f_statistic,300,logit,1,root/NK cell,NK cell,1,13,0.46153846153846156,0.46153846153846156,CD3D CD3E FCER1G,KLRC1 MKI67 NCAM1,0.0
f_statistic_0300hvg_logit_fold1,f_statistic,300,logit,1,root/NK cell/CD56dim NK cell,CD56dim NK cell,2,13,0.8461538461538461,0.46153846153846156,,ISG15 KLRC1 KLRC2 MX1 MX2,0.3846153846153846
f_statistic_0300hvg_logit_fold1,f_statistic,300,logit,1,root/Monocyte,Monocyte,1,23,0.4782608695652174,0.5217391304347826,CD74,,-0.04347826086956519
f_statistic_0300hvg_logit_fold1,f_statistic,300,logit,1,root/Monocyte/CD14 monocyte,CD14 monocyte,2,20,0.55,0.5,C1QA CD68 CD74 CDKN1C LST1 S100A8 S100A9 VCAN,CCL3 CXCL8 IFI44L IFI6 IL1B ISG15 MX1 NFKBIA SOD2,0.050000000000000044
f_statistic_0300hvg_logit_fold1,f_statistic,300,logit,1,root/Monocyte/CD16 monocyte,CD16 monocyte,2,19,0.42105263157894735,0.5263157894736842,CD14 CD68 FCGR3A LST1 S100A8 S100A9 VCAN,C1QB IFI44L IFI6 ISG15 MX1,-0.10526315789473684
f_statistic_0300hvg_logit_fold1,f_statistic,300,logit,1,root/DC,DC,1,33,0.5757575757575758,0.6363636363636364,CD14 FCN1 PILRA S100A8 S100A9 VCAN,PLAC8 PTCRA SMIM5 XCR1,-0.06060606060606055
f_statistic_0300hvg_logit_fold1,f_statistic,300,logit,1,root/DC/cDC2,cDC2,2,24,0.6666666666666666,0.6666666666666666,AXL C1orf54 CLEC9A IL3RA IRF8 SPI1,CD163 CD1C IFI44L IFI6 ISG15 MX1,0.0
f_statistic_0300hvg_logit_fold1,f_statistic,300,logit,1,root/Progenitor cell/Progenitor cell,Progenitor cell,2,5,0.0,0.4,CD34 HBB,,-0.4
f_statistic_0300hvg_logit_fold2,f_statistic,300,logit,2,root,root,0,140,0.2642857142857143,0.39285714285714285,AXL C1QA C1orf54 CCL5 CD8A CD8B CDKN1C CLEC9A FCGR3A GZMK IDO1 IGKC IL3RA ITM2C JCHAIN KLRB1 LAMP5 MZB1 TRDC,TRAC,-0.12857142857142856
f_statistic_0300hvg_logit_fold2,f_statistic,300,logit,2,root/B cell,B cell,1,42,0.19047619047619047,0.09523809523809523,FCER2 MS4A1 ZEB2,CD27 CD38 IGHA1 IGHG1 PRDM1 SLAMF7 XBP1,0.09523809523809523
f_statistic_0300hvg_logit_fold2,f_statistic,300,logit,2,root/B cell/Naive B cell,Naive B cell,2,24,0.375,0.125,FCER2 ZEB2,AIM2 CD24 CD27 IFI44L IGHA2 IGHG1 ISG15 STAT1,0.25
f_statistic_0300hvg_logit_fold2,f_statistic,300,logit,2,root/B cell/Memory B cell,Memory B cell,2,27,0.14814814814814814,0.1111111111111111,FCER2 ZEB2,CD69 IL4R MCL1,0.037037037037037035
f_statistic_0300hvg_logit_fold2,f_statistic,300,logit,2,root/B cell/Effector B cell,Effector B cell,2,21,0.19047619047619047,0.14285714285714285,FCER2 MS4A1,CD24 CD27 IGHD,0.047619047619047616
f_statistic_0300hvg_logit_fold2,f_statistic,300,logit,2,root/T cell,T cell,1,36,0.5555555555555556,0.2777777777777778,KLRF1,CCR7 FOXP3 ITGB1 LEF1 MKI67 RTKN2 SELL SLC4A10 TRDV2 TRGC1 TRGC2,0.2777777777777778
f_statistic_0300hvg_logit_fold2,f_statistic,300,logit,2,root/T cell/Naive CD4 T cell,Naive CD4 T cell,2,20,0.35,0.35,CD8A GZMA GZMB GZMK KLRB1 KLRD1 KLRF1,IFI44 ISG15 ITGB1 LEF1 MX1 SELL SOX4,0.0
f_statistic_0300hvg_logit_fold2,f_statistic,300,logit,2,root/T cell/Memory CD4 T cell,Memory CD4 T cell,2,20,0.7,0.4,CD8A KLRB1,CCR7 CD27 IFI44 ISG15 ITGB1 LEF1 MX1 SELL,0.29999999999999993
f_statistic_0300hvg_logit_fold2,f_statistic,300,logit,2,root/T cell/Treg,Treg,2,20,0.45,0.35,KLRF1,FAS ITGB1 TCF7,0.10000000000000003
f_statistic_0300hvg_logit_fold2,f_statistic,300,logit,2,root/T cell/Naive CD8 T cell,Naive CD8 T cell,2,25,0.32,0.32,CD8A GZMA GZMB GZMK KLRB1 KLRD1 KLRF1 TRDC,IFI44 ISG15 ITGA4 LEF1 MX1 SELL SOX4 TCF7,0.0
f_statistic_0300hvg_logit_fold2,f_statistic,300,logit,2,root/T cell/Memory CD8 T cell,Memory CD8 T cell,2,25,0.64,0.36,KLRB1 TRDC,CCR7 CD27 ISG15 ITGB1 KLRC2 LEF1 MX1 SELL TRGC1,0.28
f_statistic_0300hvg_logit_fold2,f_statistic,300,logit,2,root/T cell/gdT,gdT,2,23,0.782608695652174,0.34782608695652173,,CCR7 CD27 ITGB1 KLRC2 LEF1 SOX4 TRAC TRDV1 TRDV2 TRGC1,0.4347826086956522
f_statistic_0300hvg_logit_fold2,f_statistic,300,logit,2,root/T cell/MAIT,MAIT,2,25,0.36,0.32,CD8A GZMA GZMB GZMK KLRB1 KLRD1 KLRF1 TRDC,CCR7 CD4 ISG15 ITGA4 ITGB1 LEF1 MX1 SELL TRAC,0.03999999999999998
f_statistic_0300hvg_logit_fold2,f_statistic,300,logit,2,root/NK cell,NK cell,1,13,0.46153846153846156,0.46153846153846156,CD3D CD3E FCER1G,KLRC1 MKI67 NCAM1,0.0
f_statistic_0300hvg_logit_fold2,f_statistic,300,logit,2,root/NK cell/CD56dim NK cell,CD56dim NK cell,2,13,0.8461538461538461,0.46153846153846156,,ISG15 KLRC1 KLRC2 MX1 MX2,0.3846153846153846
f_statistic_0300hvg_logit_fold2,f_statistic,300,logit,2,root/Monocyte,Monocyte,1,23,0.4782608695652174,0.5217391304347826,CD74,,-0.04347826086956519
f_statistic_0300hvg_logit_fold2,f_statistic,300,logit,2,root/Monocyte/CD14 monocyte,CD14 monocyte,2,20,0.5,0.5,C1QA CD68 CD74 CDKN1C FCGR3A LST1 S100A8 S100A9 VCAN,CCL3 CXCL8 IFI44L IFI6 IL1B ISG15 MX1 NFKBIA SOD2,0.0
f_statistic_0300hvg_logit_fold2,f_statistic,300,logit,2,root/Monocyte/CD16 monocyte,CD16 monocyte,2,19,0.47368421052631576,0.5263157894736842,CD14 CD68 LST1 S100A8 S100A9 VCAN,C1QB IFI44L IFI6 ISG15 MX1,-0.05263157894736842
f_statistic_0300hvg_logit_fold2,f_statistic,300,logit,2,root/DC,DC,1,33,0.5757575757575758,0.6363636363636364,CD14 FCN1 PILRA S100A8 S100A9 VCAN,PLAC8 PTCRA SMIM5 XCR1,-0.06060606060606055
f_statistic_0300hvg_logit_fold2,f_statistic,300,logit,2,root/DC/cDC2,cDC2,2,24,0.6666666666666666,0.6666666666666666,AXL C1orf54 CLEC9A IL3RA IRF8 SPI1,CD163 CD1C IFI44L IFI6 ISG15 MX1,0.0
f_statistic_0300hvg_logit_fold2,f_statistic,300,logit,2,root/Progenitor cell/Progenitor cell,Progenitor cell,2,5,0.0,0.4,CD34 HBB,,-0.4
f_statistic_0300hvg_logit_fold3,f_statistic,300,logit,3,root,root,0,140,0.2714285714285714,0.38571428571428573,AXL C1QA C1orf54 CCL5 CD8A CD8B CDKN1C CLEC9A FCGR3A GZMK IDO1 IL3RA ITM2C JCHAIN KLRB1 LAMP5 MZB1 TRDC,FOS TRAC,-0.11428571428571432
f_statistic_0300hvg_logit_fold3,f_statistic,300,logit,3,root/B cell,B cell,1,42,0.21428571428571427,0.09523809523809523,FCER2 MS4A1 ZEB2,AIM2 CD27 CD38 IGHA1 IGHG1 PRDM1 SLAMF7 XBP1,0.11904761904761904
f_statistic_0300hvg_logit_fold3,f_statistic,300,logit,3,root/B cell/Naive B cell,Naive B cell,2,24,0.4166666666666667,0.125,FCER2 ZEB2,AIM2 CD24 CD27 IFI44L IGHA2 IGHG1 IL4R ISG15 STAT1,0.2916666666666667
f_statistic_0300hvg_logit_fold3,f_statistic,300,logit,3,root/B cell/Memory B cell,Memory B cell,2,27,0.18518518518518517,0.1111111111111111,FCER2 ZEB2,AIM2 CD69 IL4R MCL1,0.07407407407407407
f_statistic_0300hvg_logit_fold3,f_statistic,300,logit,3,root/B cell/Effector B cell,Effector B cell,2,21,0.19047619047619047,0.14285714285714285,FCER2 MS4A1,CD24 CD27 IGHD,0.047619047619047616
f_statistic_0300hvg_logit_fold3,f_statistic,300,logit,3,root/T cell,T cell,1,36,0.5555555555555556,0.2777777777777778,KLRF1,CCR7 FOXP3 ITGB1 LEF1 MKI67 RTKN2 SELL SLC4A10 TRDV2 TRGC1 TRGC2,0.2777777777777778
f_statistic_0300hvg_logit_fold3,f_statistic,300,logit,3,root/T cell/Naive CD4 T cell,Naive CD4 T cell,2,20,0.3,0.35,CD8A GZMA GZMB GZMK KLRB1 KLRD1 KLRF1,IFI44 ISG15 ITGB1 MX1 SELL SOX4,-0.04999999999999999
f_statistic_0300hvg_logit_fold3,f_statistic,300,logit,3,root/T cell/Memory CD4 T cell,Memory CD4 T cell,2,20,0.7,0.4,CD8A KLRB1,CCR7 CD27 IFI44 ISG15 ITGB1 LEF1 MX1 SELL,0.29999999999999993
f_statistic_0300hvg_logit_fold3,f_statistic,300,logit,3,root/T cell/Treg,Treg,2,20,0.45,0.35,KLRF1,FAS ITGB1 TCF7,0.10000000000000003
f_statistic_0300hvg_logit_fold3,f_statistic,300,logit,3,root/T cell/Naive CD8 T cell,Naive CD8 T cell,2,25,0.32,0.32,CD8A GZMA GZMB GZMK KLRB1 KLRD1 KLRF1 TRDC,IFI44 ISG15 ITGA4 LEF1 MX1 SELL SOX4 TCF7,0.0
f_statistic_0300hvg_logit_fold3,f_statistic,300,logit,3,root/T cell/Memory CD8 T cell,Memory CD8 T cell,2,25,0.6,0.36,CD8A KLRB1 TRDC,CCR7 CD27 ISG15 ITGB1 KLRC2 LEF1 MX1 SELL TRGC1,0.24
f_statistic_0300hvg_logit_fold3,f_statistic,300,logit,3,root/T cell/gdT,gdT,2,23,0.782608695652174,0.34782608695652173,,CCR7 CD27 ITGB1 KLRC2 LEF1 SOX4 TRAC TRDV1 TRDV2 TRGC1,0.4347826086956522
f_statistic_0300hvg_logit_fold3,f_statistic,300,logit,3,root/T cell/MAIT,MAIT,2,25,0.36,0.32,CD8A GZMA GZMB GZMK KLRB1 KLRD1 KLRF1 TRDC,CCR7 CD4 ISG15 ITGA4 ITGB1 LEF1 MX1 SELL TRAC,0.03999999999999998
f_statistic_0300hvg_logit_fold3,f_statistic,300,logit,3,root/NK cell,NK cell,1,13,0.46153846153846156,0.46153846153846156,CD3D CD3E FCER1G,KLRC1 MKI67 NCAM1,0.0
f_statistic_0300hvg_logit_fold3,f_statistic,300,logit,3,root/NK cell/CD56dim NK cell,CD56dim NK cell,2,13,0.8461538461538461,0.46153846153846156,,ISG15 KLRC1 KLRC2 MX1 MX2,0.3846153846153846
f_statistic_0300hvg_logit_fold3,f_statistic,300,logit,3,root/Monocyte,Monocyte,1,23,0.4782608695652174,0.5217391304347826,CD74,,-0.04347826086956519
f_statistic_0300hvg_logit_fold3,f_statistic,300,logit,3,root/Monocyte/CD14 monocyte,CD14 monocyte,2,20,0.5,0.5,C1QA CD68 CD74 CDKN1C FCGR3A LST1 S100A8 S100A9 VCAN,CCL3 CXCL8 IFI44L IFI6 IL1B ISG15 MX1 NFKBIA SOD2,0.0
f_statistic_0300hvg_logit_fold3,f_statistic,300,logit,3,root/Monocyte/CD16 monocyte,CD16 monocyte,2,19,0.47368421052631576,0.5263157894736842,CD14 CD68 LST1 S100A8 S100A9 VCAN,C1QB IFI44L IFI6 ISG15 MX1,-0.05263157894736842
f_statistic_0300hvg_logit_fold3,f_statistic,300,logit,3,root/DC,DC,1,33,0.6060606060606061,0.6363636363636364,CD14 FCN1 S100A8 S100A9 VCAN,PLAC8 PTCRA SMIM5 XCR1,-0.030303030303030276
f_statistic_0300hvg_logit_fold3,f_statistic,300,logit,3,root/DC/cDC2,cDC2,2,24,0.6666666666666666,0.6666666666666666,AXL C1orf54 CLEC9A IL3RA IRF8 SPI1,CD163 CD1C IFI44L IFI6 ISG15 MX1,0.0
f_statistic_0300hvg_logit_fold3,f_statistic,300,logit,3,root/Progenitor cell/Progenitor cell,Progenitor cell,2,5,0.0,0.4,CD34 HBB,,-0.4
f_statistic_0300hvg_logit_fold4,f_statistic,300,logit,4,root,root,0,140,0.2642857142857143,0.38571428571428573,AXL C1QA C1orf54 CCL5 CD8A CD8B CDKN1C CLEC9A FCGR3A GZMK IDO1 IL3RA ITM2C JCHAIN KLRB1 LAMP5 MZB1 TRDC,TRAC,-0.12142857142857144
f_statistic_0300hvg_logit_fold4,f_statistic,300,logit,4,root/B cell,B cell,1,42,0.19047619047619047,0.09523809523809523,FCER2 MS4A1 ZEB2,CD27 CD38 IGHA1 IGHG1 PRDM1 SLAMF7 XBP1,0.09523809523809523
f_statistic_0300hvg_logit_fold4,f_statistic,300,logit,4,root/B cell/Naive B cell,Naive B cell,2,24,0.4583333333333333,0.125,FCER2 ZEB2,AIM2 CD24 CD27 FAS IFI44L IGHA2 IGHG1 IL4R ISG15 STAT1,0.3333333333333333
f_statistic_0300hvg_logit_fold4,f_statistic,300,logit,4,root/B cell/Memory B cell,Memory B cell,2,27,0.14814814814814814,0.1111111111111111,FCER2 ZEB2,CD69 IL4R MCL1,0.037037037037037035
f_statistic_0300hvg_logit_fold4,f_statistic,300,logit,4,root/B cell/Effector B cell,Effector B cell,2,21,0.19047619047619047,0.14285714285714285,FCER2 MS4A1,CD24 CD27 IGHD,0.047619047619047616
f_statistic_0300hvg_logit_fold4,f_statistic,300,logit,4,root/T cell,T cell,1,36,0.5555555555555556,0.2777777777777778,KLRF1,CCR7 FOXP3 ITGB1 LEF1 MKI67 RTKN2 SELL SLC4A10 TRDV2 TRGC1 TRGC2,0.2777777777777778
f_statistic_0300hvg_logit_fold4,f_statistic,300,logit,4,root/T cell/Naive CD4 T cell,Naive CD4 T cell,2,20,0.35,0.35,CD8A GZMA GZMB GZMK KLRB1 KLRD1 KLRF1,IFI44 ISG15 ITGB1 LEF1 MX1 SELL SOX4,0.0
f_statistic_0300hvg_logit_fold4,f_statistic,300,logit,4,root/T cell/Memory CD4 T cell,Memory CD4 T cell,2,20,0.7,0.4,CD8A KLRB1,CCR7 CD27 IFI44 ISG15 ITGB1 LEF1 MX1 SELL,0.29999999999999993
f_statistic_0300hvg_logit_fold4,f_statistic,300,logit,4,root/T cell/Treg,Treg,2,20,0.45,0.35,KLRF1,FAS ITGB1 TCF7,0.10000000000000003
f_statistic_0300hvg_logit_fold4,f_statistic,300,logit,4,root/T cell/Naive CD8 T cell,Naive CD8 T cell,2,25,0.32,0.32,CD8A GZMA GZMB GZMK KLRB1 KLRD1 KLRF1 TRDC,IFI44 ISG15 ITGA4 LEF1 MX1 SELL SOX4 TCF7,0.0
f_statistic_0300hvg_logit_fold4,f_statistic,300,logit,4,root/T cell/Memory CD8 T cell,Memory CD8 T cell,2,25,0.6,0.36,CD8A KLRB1 TRDC,CCR7 CD27 ISG15 ITGB1 KLRC2 LEF1 MX1 SELL TRGC1,0.24
f_statistic_0300hvg_logit_fold4,f_statistic,300,logit,4,root/T cell/gdT,gdT,2,23,0.8260869565217391,0.34782608695652173,,CCR7 CD27 ITGB1 KLRC2 LEF1 SELL SOX4 TRAC TRDV1 TRDV2 TRGC1,0.4782608695652174
f_statistic_0300hvg_logit_fold4,f_statistic,300,logit,4,root/T cell/MAIT,MAIT,2,25,0.36,0.32,CD8A GZMA GZMB GZMK KLRB1 KLRD1 KLRF1 TRDC,CCR7 CD4 ISG15 ITGA4 ITGB1 LEF1 MX1 SELL TRAC,0.03999999999999998
f_statistic_0300hvg_logit_fold4,f_statistic,300,logit,4,root/NK cell,NK cell,1,13,0.46153846153846156,0.46153846153846156,CD3D CD3E FCER1G,KLRC1 MKI67 NCAM1,0.0
f_statistic_0300hvg_logit_fold4,f_statistic,300,logit,4,root/NK cell/CD56dim NK cell,CD56dim NK cell,2,13,0.8461538461538461,0.46153846153846156,,ISG15 KLRC1 KLRC2 MX1 MX2,0.3846153846153846
f_statistic_0300hvg_logit_fold4,f_statistic,300,logit,4,root/Monocyte,Monocyte,1,23,0.4782608695652174,0.5217391304347826,CD74,,-0.04347826086956519
f_statistic_0300hvg_logit_fold4,f_statistic,300,logit,4,root/Monocyte/CD14 monocyte,CD14 monocyte,2,20,0.55,0.5,C1QA CD68 CD74 FCGR3A LST1 S100A8 S100A9 VCAN,CCL3 CXCL8 IFI44L IFI6 IL1B ISG15 MX1 NFKBIA SOD2,0.050000000000000044
f_statistic_0300hvg_logit_fold4,f_statistic,300,logit,4,root/Monocyte/CD16 monocyte,CD16 monocyte,2,19,0.47368421052631576,0.5263157894736842,CD14 CD68 LST1 S100A8 S100A9 VCAN,C1QB IFI44L IFI6 ISG15 MX1,-0.05263157894736842
f_statistic_0300hvg_logit_fold4,f_statistic,300,logit,4,root/DC,DC,1,33,0.5757575757575758,0.6363636363636364,CD14 FCN1 PILRA S100A8 S100A9 VCAN,PLAC8 PTCRA SMIM5 XCR1,-0.06060606060606055
f_statistic_0300hvg_logit_fold4,f_statistic,300,logit,4,root/DC/cDC2,cDC2,2,24,0.6666666666666666,0.6666666666666666,AXL C1orf54 CLEC9A IL3RA IRF8 SPI1,CD163 CD1C IFI44L IFI6 ISG15 MX1,0.0
f_statistic_0300hvg_logit_fold4,f_statistic,300,logit,4,root/Progenitor cell/Progenitor cell,Progenitor cell,2,5,0.0,0.4,CD34 HBB,,-0.4
seurat_v3_shareloess_0300hvg_logit_fold0,seurat_v3,300,logit,0,root,root,0,140,0.40714285714285714,0.40714285714285714,,,0.0
seurat_v3_shareloess_0300hvg_logit_fold0,seurat_v3,300,logit,0,root/B cell,B cell,1,42,0.42857142857142855,0.30952380952380953,MS4A1,CD27 CD38 COCH PRDM1 SLAMF7 XBP1,0.11904761904761901
seurat_v3_shareloess_0300hvg_logit_fold0,seurat_v3,300,logit,0,root/B cell/Naive B cell,Naive B cell,2,24,0.4166666666666667,0.2916666666666667,IGHD MKI67 MS4A1,AIM2 CD27 CD69 IFI44L ISG15 STAT1,0.125
seurat_v3_shareloess_0300hvg_logit_fold0,seurat_v3,300,logit,0,root/B cell/Memory B cell,Memory B cell,2,27,0.5185185185185185,0.4074074074074074,MS4A1,CD69 COCH IL4R JUN,0.1111111111111111
seurat_v3_shareloess_0300hvg_logit_fold0,seurat_v3,300,logit,0,root/B cell/Effector B cell,Effector B cell,2,21,0.42857142857142855,0.3333333333333333,MKI67 MS4A1,CD69 FCER2 IL4R ITGAX,0.09523809523809523
seurat_v3_shareloess_0300hvg_logit_fold0,seurat_v3,300,logit,0,root/T cell,T cell,1,36,0.6111111111111112,0.1388888888888889,,CD8A CD8B FOXP3 GZMA ISG15 ITGB1 KLRB1 KLRC2 KLRD1 KLRF1 MX1 RTKN2 SLC4A10 SOX4 TRDV2 TRGC1 TRGC2,0.47222222222222227
seurat_v3_shareloess_0300hvg_logit_fold0,seurat_v3,300,logit,0,root/T cell/Naive CD4 T cell,Naive CD4 T cell,2,20,0.35,0.1,GZMB,CD8A GZMA ITGB1 KLRB1 MX1 SOX4,0.24999999999999997
seurat_v3_shareloess_0300hvg_logit_fold0,seurat_v3,300,logit,0,root/T cell/Memory CD4 T cell,Memory CD4 T cell,2,20,0.55,0.15,,CD8A GZMA ISG15 KLRB1 KLRD1 KLRF1 MX1 SOX4,0.4
seurat_v3_shareloess_0300hvg_logit_fold0,seurat_v3,300,logit,0,root/T cell/Treg,Treg,2,20,0.55,0.1,,CD8A GZMA ISG15 ITGA4 ITGB1 KLRB1 KLRD1 MX1 SOX4,0.45000000000000007
seurat_v3_shareloess_0300hvg_logit_fold0,seurat_v3,300,logit,0,root/T cell/Naive CD8 T cell,Naive CD8 T cell,2,25,0.24,0.12,GZMB,ITGB1 KLRB1 MX1 SOX4,0.12
seurat_v3_shareloess_0300hvg_logit_fold0,seurat_v3,300,logit,0,root/T cell/Memory CD8 T cell,Memory CD8 T cell,2,25,0.56,0.16,CCL5,CCR7 ISG15 KLRB1 KLRC2 KLRF1 LEF1 MX1 SELL SOX4 TRDV2 TRGC1,0.4
seurat_v3_shareloess_0300hvg_logit_fold0,seurat_v3,300,logit,0,root/T cell/gdT,gdT,2,23,0.4782608695652174,0.13043478260869565,TRDC,CCR7 CD8A ITGB1 KLRC2 KLRF1 LEF1 MX1 SOX4 TRDV1,0.34782608695652173
seurat_v3_shareloess_0300hvg_logit_fold0,seurat_v3,300,logit,0,root/T cell/MAIT,MAIT,2,25,0.44,0.12,GZMK,CCR7 ITGB1 KLRD1 KLRF1 LEF1 SELL SOX4 TRDV1 TRGC1,0.32
seurat_v3_shareloess_0300hvg_logit_fold0,seurat_v3,300,logit,0,root/NK cell,NK cell,1,13,0.5384615384615384,0.38461538461538464,FCER1G FCGR3A GZMB,CD3D CD3E KLRC1 KLRC2 MX1,0.1538461538461538
seurat_v3_shareloess_0300hvg_logit_fold0,seurat_v3,300,logit,0,root/NK cell/CD56dim NK cell,CD56dim NK cell,2,13,0.46153846153846156,0.38461538461538464,FCER1G FCGR3A GZMB MKI67,CD3D CD3E KLRC1 KLRC2 MX1,0.07692307692307693
seurat_v3_shareloess_0300hvg_logit_fold0,seurat_v3,300,logit,0,root/Monocyte,Monocyte,1,23,0.8260869565217391,0.6956521739130435,CD14,IFI44L IFI6 ISG15 MX1,0.13043478260869568
seurat_v3_shareloess_0300hvg_logit_fold0,seurat_v3,300,logit,0,root/Monocyte/CD14 monocyte,CD14 monocyte,2,20,0.8,0.7,CD14 LST1 VCAN,IFI44L IFI6 ISG15 MX1 SOD2,0.10000000000000009
seurat_v3_shareloess_0300hvg_logit_fold0,seurat_v3,300,logit,0,root/Monocyte/CD16 monocyte,CD16 monocyte,2,19,0.7368421052631579,0.6842105263157895,CDKN1C FCGR3A LST1,IFI44L IFI6 ISG15 MX1,0.05263157894736836
seurat_v3_shareloess_0300hvg_logit_fold0,seurat_v3,300,logit,0,root/DC,DC,1,33,0.8181818181818182,0.5454545454545454,CD74,AXL C1orf54 HAMP IFI44L IFI6 ISG15 LAMP5 MX1 PLAC8 S100A10,0.2727272727272728
seurat_v3_shareloess_0300hvg_logit_fold0,seurat_v3,300,logit,0,root/DC/cDC2,cDC2,2,24,0.4583333333333333,0.5416666666666666,CD74 CLEC9A CST3 HLA-DPA1 HLA-DRA IL3RA IRF8 ITM2C,AXL IFI44L IFI6 ISG15 MX1 PLAC8,-0.08333333333333331
seurat_v3_shareloess_0300hvg_logit_fold0,seurat_v3,300,logit,0,root/Progenitor cell/Progenitor cell,Progenitor cell,2,5,0.4,0.4,,,0.0
seurat_v3_shareloess_0300hvg_logit_fold1,seurat_v3,300,logit,1,root,root,0,140,0.4,0.4,,,0.0
seurat_v3_shareloess_0300hvg_logit_fold1,seurat_v3,300,logit,1,root/B cell,B cell,1,42,0.40476190476190477,0.30952380952380953,MS4A1,CD27 CD38 PRDM1 SLAMF7 XBP1,0.09523809523809523
seurat_v3_shareloess_0300hvg_logit_fold1,seurat_v3,300,logit,1,root/B cell/Naive B cell,Naive B cell,2,24,0.4583333333333333,0.2916666666666667,IGHD MS4A1,AIM2 CD27 CD69 IFI44L ISG15 STAT1,0.16666666666666663
seurat_v3_shareloess_0300hvg_logit_fold1,seurat_v3,300,logit,1,root/B cell/Memory B cell,Memory B cell,2,27,0.5185185185185185,0.4074074074074074,MS4A1,CD69 COCH IL4R JUN,0.1111111111111111
seurat_v3_shareloess_0300hvg_logit_fold1,seurat_v3,300,logit,1,root/B cell/Effector B cell,Effector B cell,2,21,0.3333333333333333,0.3333333333333333,IGHG1 MKI67 MS4A1,CD69 FCER2 IL4R,0.0
seurat_v3_shareloess_0300hvg_logit_fold1,seurat_v3,300,logit,1,root/T cell,T cell,1,36,0.5833333333333334,0.1388888888888889,,CD8A CD8B GZMA ISG15 ITGB1 KLRB1 KLRC2 KLRD1 KLRF1 MX1 RTKN2 SLC4A10 SOX4 TRDV2 TRGC1 TRGC2,0.4444444444444445
seurat_v3_shareloess_0300hvg_logit_fold1,seurat_v3,300,logit,1,root/T cell/Naive CD4 T cell,Naive CD4 T cell,2,20,0.35,0.1,GZMB,CD8A GZMA ITGB1 KLRB1 MX1 SOX4,0.24999999999999997
seurat_v3_shareloess_0300hvg_logit_fold1,seurat_v3,300,logit,1,root/T cell/Memory CD4 T cell,Memory CD4 T cell,2,20,0.5,0.15,,CD8A GZMA ISG15 KLRB1 KLRD1 MX1 SOX4,0.35
seurat_v3_shareloess_0300hvg_logit_fold1,seurat_v3,300,logit,1,root/T cell/Treg,Treg,2,20,0.55,0.1,,CD8A GZMA ISG15 ITGA4 ITGB1 KLRB1 KLRD1 MX1 SOX4,0.45000000000000007
seurat_v3_shareloess_0300hvg_logit_fold1,seurat_v3,300,logit,1,root/T cell/Naive CD8 T cell,Naive CD8 T cell,2,25,0.28,0.12,GZMB,GZMA ITGB1 KLRB1 MX1 SOX4,0.16000000000000003
seurat_v3_shareloess_0300hvg_logit_fold1,seurat_v3,300,logit,1,root/T cell/Memory CD8 T cell,Memory CD8 T cell,2,25,0.52,0.16,CCL5,CCR7 KLRB1 KLRC2 KLRF1 LEF1 MX1 SELL SOX4 TRDV2 TRGC1,0.36
seurat_v3_shareloess_0300hvg_logit_fold1,seurat_v3,300,logit,1,root/T cell/gdT,gdT,2,23,0.43478260869565216,0.13043478260869565,TRDC,CCR7 CD8A ITGB1 KLRC2 KLRF1 LEF1 SOX4 TRDV1,0.30434782608695654
seurat_v3_shareloess_0300hvg_logit_fold1,seurat_v3,300,logit,1,root/T cell/MAIT,MAIT,2,25,0.48,0.12,GZMK,CCR7 ITGB1 KLRD1 KLRF1 LEF1 SELL SOX4 TRDV1 TRDV2 TRGC1,0.36
seurat_v3_shareloess_0300hvg_logit_fold1,seurat_v3,300,logit,1,root/NK cell,NK cell,1,13,0.5384615384615384,0.38461538461538464,FCER1G FCGR3A GZMB,CD3D CD3E KLRC1 KLRC2 MX1,0.1538461538461538
seurat_v3_shareloess_0300hvg_logit_fold1,seurat_v3,300,logit,1,root/NK cell/CD56dim NK cell,CD56dim NK cell,2,13,0.46153846153846156,0.38461538461538464,FCER1G FCGR3A GZMB MKI67,CD3D CD3E KLRC1 KLRC2 MX1,0.07692307692307693
seurat_v3_shareloess_0300hvg_logit_fold1,seurat_v3,300,logit,1,root/Monocyte,Monocyte,1,23,0.8260869565217391,0.6521739130434783,CD14,IFI44L IFI6 ISG15 MX1 NFKBIA,0.17391304347826086
seurat_v3_shareloess_0300hvg_logit_fold1,seurat_v3,300,logit,1,root/Monocyte/CD14 monocyte,CD14 monocyte,2,20,0.75,0.65,CD14 LST1 VCAN,IFI44L IFI6 ISG15 MX1 NFKBIA,0.09999999999999998
seurat_v3_shareloess_0300hvg_logit_fold1,seurat_v3,300,logit,1,root/Monocyte/CD16 monocyte,CD16 monocyte,2,19,0.7368421052631579,0.631578947368421,CDKN1C FCGR3A LST1,IFI44L IFI6 ISG15 MX1 NFKBIA,0.10526315789473684
seurat_v3_shareloess_0300hvg_logit_fold1,seurat_v3,300,logit,1,root/DC,DC,1,33,0.8484848484848485,0.5454545454545454,CD74,AXL C1orf54 HAMP IFI44L IFI6 ISG15 LAMP5 MX1 PLAC8 S100A10 SMIM5,0.3030303030303031
seurat_v3_shareloess_0300hvg_logit_fold1,seurat_v3,300,logit,1,root/DC/cDC2,cDC2,2,24,0.5,0.5416666666666666,CD74 CST3 HLA-DPA1 HLA-DRA IL3RA IRF8 ITM2C,AXL IFI44L IFI6 ISG15 MX1 PLAC8,-0.04166666666666663
seurat_v3_shareloess_0300hvg_logit_fold1,seurat_v3,300,logit,1,root/Progenitor cell/Progenitor cell,Progenitor cell,2,5,0.4,0.4,,,0.0
seurat_v3_shareloess_0300hvg_logit_fold2,seurat_v3,300,logit,2,root,root,0,140,0.4,0.4,,,0.0
seurat_v3_shareloess_0300hvg_logit_fold2,seurat_v3,300,logit,2,root/B cell,B cell,1,42,0.40476190476190477,0.30952380952380953,MS4A1,CD27 CD38 PRDM1 SLAMF7 XBP1,0.09523809523809523
seurat_v3_shareloess_0300hvg_logit_fold2,seurat_v3,300,logit,2,root/B cell/Naive B cell,Naive B cell,2,24,0.4166666666666667,0.2916666666666667,IGHD MKI67 MS4A1,AIM2 CD27 CD69 IFI44L ISG15 STAT1,0.125
seurat_v3_shareloess_0300hvg_logit_fold2,seurat_v3,300,logit,2,root/B cell/Memory B cell,Memory B cell,2,27,0.5185185185185185,0.4074074074074074,MS4A1,CD69 COCH IL4R JUN,0.1111111111111111
seurat_v3_shareloess_0300hvg_logit_fold2,seurat_v3,300,logit,2,root/B cell/Effector B cell,Effector B cell,2,21,0.38095238095238093,0.3333333333333333,IGHG1 MKI67 MS4A1,CD24 CD69 FCER2 IL4R,0.047619047619047616
seurat_v3_shareloess_0300hvg_logit_fold2,seurat_v3,300,logit,2,root/T cell,T cell,1,36,0.6111111111111112,0.1388888888888889,,CD8A CD8B FOXP3 GZMA ISG15 ITGB1 KLRB1 KLRC2 KLRD1 KLRF1 MX1 RTKN2 SLC4A10 SOX4 TRDV2 TRGC1 TRGC2,0.47222222222222227
seurat_v3_shareloess_0300hvg_logit_fold2,seurat_v3,300,logit,2,root/T cell/Naive CD4 T cell,Naive CD4 T cell,2,20,0.35,0.1,GZMB,CD8A GZMA ITGB1 KLRB1 MX1 SOX4,0.24999999999999997
seurat_v3_shareloess_0300hvg_logit_fold2,seurat_v3,300,logit,2,root/T cell/Memory CD4 T cell,Memory CD4 T cell,2,20,0.55,0.15,,CD8A GZMA ISG15 KLRB1 KLRD1 KLRF1 MX1 SOX4,0.4
seurat_v3_shareloess_0300hvg_logit_fold2,seurat_v3,300,logit,2,root/T cell/Treg,Treg,2,20,0.55,0.1,,CD8A GZMA ISG15 ITGA4 ITGB1 KLRB1 KLRD1 MX1 SOX4,0.45000000000000007
seurat_v3_shareloess_0300hvg_logit_fold2,seurat_v3,300,logit,2,root/T cell/Naive CD8 T cell,Naive CD8 T cell,2,25,0.32,0.12,GZMB,GZMA ITGB1 KLRB1 MX1 SOX4 TRDV1,0.2
seurat_v3_shareloess_0300hvg_logit_fold2,seurat_v3,300,logit,2,root/T cell/Memory CD8 T cell,Memory CD8 T cell,2,25,0.6,0.16,CCL5,CCR7 ISG15 ITGB1 KLRB1 KLRC2 KLRF1 LEF1 MX1 SELL SOX4 TRDV2 TRGC1,0.43999999999999995
seurat_v3_shareloess_0300hvg_logit_fold2,seurat_v3,300,logit,2,root/T cell/gdT,gdT,2,23,0.4782608695652174,0.13043478260869565,TRDC,CCR7 CD8A ITGB1 KLRC2 KLRF1 LEF1 MX1 SOX4 TRDV1,0.34782608695652173
seurat_v3_shareloess_0300hvg_logit_fold2,seurat_v3,300,logit,2,root/T cell/MAIT,MAIT,2,25,0.52,0.12,GZMK,CCR7 CD4 ITGB1 KLRD1 KLRF1 LEF1 SELL SOX4 TRDV1 TRDV2 TRGC1,0.4
seurat_v3_shareloess_0300hvg_logit_fold2,seurat_v3,300,logit,2,root/NK cell,NK cell,1,13,0.5384615384615384,0.38461538461538464,FCER1G FCGR3A GZMB,CD3D CD3E KLRC1 KLRC2 MX1,0.1538461538461538
seurat_v3_shareloess_0300hvg_logit_fold2,seurat_v3,300,logit,2,root/NK cell/CD56dim NK cell,CD56dim NK cell,2,13,0.46153846153846156,0.38461538461538464,FCER1G FCGR3A GZMB MKI67,CD3D CD3E KLRC1 KLRC2 MX1,0.07692307692307693
seurat_v3_shareloess_0300hvg_logit_fold2,seurat_v3,300,logit,2,root/Monocyte,Monocyte,1,23,0.8260869565217391,0.6956521739130435,CD14,IFI44L IFI6 ISG15 MX1,0.13043478260869568
seurat_v3_shareloess_0300hvg_logit_fold2,seurat_v3,300,logit,2,root/Monocyte/CD14 monocyte,CD14 monocyte,2,20,0.75,0.7,CD14 LST1 VCAN,IFI44L IFI6 ISG15 MX1,0.050000000000000044
seurat_v3_shareloess_0300hvg_logit_fold2,seurat_v3,300,logit,2,root/Monocyte/CD16 monocyte,CD16 monocyte,2,19,0.7368421052631579,0.6842105263157895,CDKN1C FCGR3A LST1,IFI44L IFI6 ISG15 MX1,0.05263157894736836
seurat_v3_shareloess_0300hvg_logit_fold2,seurat_v3,300,logit,2,root/DC,DC,1,33,0.8484848484848485,0.5454545454545454,CD74,AXL C1orf54 HAMP IFI44L IFI6 ISG15 LAMP5 MX1 PLAC8 S100A10 SMIM5,0.3030303030303031
seurat_v3_shareloess_0300hvg_logit_fold2,seurat_v3,300,logit,2,root/DC/cDC2,cDC2,2,24,0.5,0.5416666666666666,CD74 CST3 HLA-DPA1 HLA-DRA IL3RA IRF8 ITM2C,AXL IFI44L IFI6 ISG15 MX1 PLAC8,-0.04166666666666663
seurat_v3_shareloess_0300hvg_logit_fold2,seurat_v3,300,logit,2,root/Progenitor cell/Progenitor cell,Progenitor cell,2,5,0.4,0.4,,,0.0
seurat_v3_shareloess_0300hvg_logit_fold3,seurat_v3,300,logit,3,root,root,0,140,0.4,0.4,,,0.0
seurat_v3_shareloess_0300hvg_logit_fold3,seurat_v3,300,logit,3,root/B cell,B cell,1,42,0.42857142857142855,0.30952380952380953,MS4A1,CD27 CD38 COCH PRDM1 SLAMF7 XBP1,0.11904761904761901
seurat_v3_shareloess_0300hvg_logit_fold3,seurat_v3,300,logit,3,root/B cell/Naive B cell,Naive B cell,2,24,0.4166666666666667,0.2916666666666667,IGHD MKI67 MS4A1,AIM2 CD27 CD69 IFI44L ISG15 STAT1,0.125
seurat_v3_shareloess_0300hvg_logit_fold3,seurat_v3,300,logit,3,root/B cell/Memory B cell,Memory B cell,2,27,0.5185185185185185,0.4074074074074074,MS4A1,CD69 COCH IL4R JUN,0.1111111111111111
seurat_v3_shareloess_0300hvg_logit_fold3,seurat_v3,300,logit,3,root/B cell/Effector B cell,Effector B cell,2,21,0.38095238095238093,0.3333333333333333,IGHG1 MKI67 MS4A1,CD24 CD69 FCER2 IL4R,0.047619047619047616
seurat_v3_shareloess_0300hvg_logit_fold3,seurat_v3,300,logit,3,root/T cell,T cell,1,36,0.6111111111111112,0.1388888888888889,,CD8A CD8B FOXP3 GZMA ISG15 ITGB1 KLRB1 KLRC2 KLRD1 KLRF1 MX1 RTKN2 SLC4A10 SOX4 TRDV2 TRGC1 TRGC2,0.47222222222222227
seurat_v3_shareloess_0300hvg_logit_fold3,seurat_v3,300,logit,3,root/T cell/Naive CD4 T cell,Naive CD4 T cell,2,20,0.35,0.1,GZMB,CD8A GZMA ITGB1 KLRB1 MX1 SOX4,0.24999999999999997
seurat_v3_shareloess_0300hvg_logit_fold3,seurat_v3,300,logit,3,root/T cell/Memory CD4 T cell,Memory CD4 T cell,2,20,0.55,0.15,,CD8A GZMA ISG15 KLRB1 KLRD1 KLRF1 MX1 SOX4,0.4
seurat_v3_shareloess_0300hvg_logit_fold3,seurat_v3,300,logit,3,root/T cell/Treg,Treg,2,20,0.55,0.1,,CD8A GZMA ISG15 ITGA4 ITGB1 KLRB1 KLRD1 MX1 SOX4,0.45000000000000007
seurat_v3_shareloess_0300hvg_logit_fold3,seurat_v3,300,logit,3,root/T cell/Naive CD8 T cell,Naive CD8 T cell,2,25,0.32,0.12,GZMB,GZMA ITGB1 KLRB1 MX1 SOX4 TRDV1,0.2
seurat_v3_shareloess_0300hvg_logit_fold3,seurat_v3,300,logit,3,root/T cell/Memory CD8 T cell,Memory CD8 T cell,2,25,0.56,0.16,CCL5,CCR7 ISG15 KLRB1 KLRC2 KLRF1 LEF1 MX1 SELL SOX4 TRDV2 TRGC1,0.4
seurat_v3_shareloess_0300hvg_logit_fold3,seurat_v3,300,logit,3,root/T cell/gdT,gdT,2,23,0.4782608695652174,0.13043478260869565,TRDC,CCR7 CD8A ITGB1 KLRC2 KLRF1 LEF1 MX1 SOX4 TRDV1,0.34782608695652173
seurat_v3_shareloess_0300hvg_logit_fold3,seurat_v3,300,logit,3,root/T cell/MAIT,MAIT,2,25,0.44,0.12,GZMK,CCR7 ITGB1 KLRD1 KLRF1 LEF1 SELL SOX4 TRDV2 TRGC1,0.32
seurat_v3_shareloess_0300hvg_logit_fold3,seurat_v3,300,logit,3,root/NK cell,NK cell,1,13,0.5384615384615384,0.38461538461538464,FCER1G FCGR3A GZMB,CD3D CD3E KLRC1 KLRC2 MX1,0.1538461538461538
seurat_v3_shareloess_0300hvg_logit_fold3,seurat_v3,300,logit,3,root/NK cell/CD56dim NK cell,CD56dim NK cell,2,13,0.46153846153846156,0.38461538461538464,FCER1G FCGR3A GZMB MKI67,CD3D CD3E KLRC1 KLRC2 MX1,0.07692307692307693
seurat_v3_shareloess_0300hvg_logit_fold3,seurat_v3,300,logit,3,root/Monocyte,Monocyte,1,23,0.8260869565217391,0.6956521739130435,CD14,IFI44L IFI6 ISG15 MX1,0.13043478260869568
seurat_v3_shareloess_0300hvg_logit_fold3,seurat_v3,300,logit,3,root/Monocyte/CD14 monocyte,CD14 monocyte,2,20,0.75,0.7,CD14 LST1 VCAN,IFI44L IFI6 ISG15 MX1,0.050000000000000044
seurat_v3_shareloess_0300hvg_logit_fold3,seurat_v3,300,logit,3,root/Monocyte/CD16 monocyte,CD16 monocyte,2,19,0.7368421052631579,0.6842105263157895,CDKN1C FCGR3A LST1,IFI44L IFI6 ISG15 MX1,0.05263157894736836
seurat_v3_shareloess_0300hvg_logit_fold3,seurat_v3,300,logit,3,root/DC,DC,1,33,0.8181818181818182,0.5454545454545454,CD74,AXL C1orf54 HAMP IFI44L IFI6 ISG15 LAMP5 MX1 PLAC8 S100A10,0.2727272727272728
seurat_v3_shareloess_0300hvg_logit_fold3,seurat_v3,300,logit,3,root/DC/cDC2,cDC2,2,24,0.5,0.5416666666666666,CD74 CST3 HLA-DPA1 HLA-DRA IL3RA IRF8 ITM2C,AXL IFI44L IFI6 ISG15 MX1 PLAC8,-0.04166666666666663
seurat_v3_shareloess_0300hvg_logit_fold3,seurat_v3,300,logit,3,root/Progenitor cell/Progenitor cell,Progenitor cell,2,5,0.4,0.4,,,0.0
seurat_v3_shareloess_0300hvg_logit_fold4,seurat_v3,300,logit,4,root,root,0,140,0.4,0.4,,,0.0
seurat_v3_shareloess_0300hvg_logit_fold4,seurat_v3,300,logit,4,root/B cell,B cell,1,42,0.40476190476190477,0.30952380952380953,MS4A1,CD27 CD38 PRDM1 SLAMF7 XBP1,0.09523809523809523
seurat_v3_shareloess_0300hvg_logit_fold4,seurat_v3,300,logit,4,root/B cell/Naive B cell,Naive B cell,2,24,0.4166666666666667,0.2916666666666667,IGHD MKI67 MS4A1,AIM2 CD27 CD69 IFI44L ISG15 STAT1,0.125
seurat_v3_shareloess_0300hvg_logit_fold4,seurat_v3,300,logit,4,root/B cell/Memory B cell,Memory B cell,2,27,0.5185185185185185,0.4074074074074074,MS4A1,CD69 COCH IL4R JUN,0.1111111111111111
seurat_v3_shareloess_0300hvg_logit_fold4,seurat_v3,300,logit,4,root/B cell/Effector B cell,Effector B cell,2,21,0.42857142857142855,0.3333333333333333,IGHG1 MKI67 MS4A1,CD24 CD69 FCER2 IL4R ITGAX,0.09523809523809523
seurat_v3_shareloess_0300hvg_logit_fold4,seurat_v3,300,logit,4,root/T cell,T cell,1,36,0.6111111111111112,0.1388888888888889,,CD8A CD8B FOXP3 GZMA ISG15 ITGB1 KLRB1 KLRC2 KLRD1 KLRF1 MX1 RTKN2 SLC4A10 SOX4 TRDV2 TRGC1 TRGC2,0.47222222222222227
seurat_v3_shareloess_0300hvg_logit_fold4,seurat_v3,300,logit,4,root/T cell/Naive CD4 T cell,Naive CD4 T cell,2,20,0.35,0.1,GZMB,CD8A GZMA ITGB1 KLRB1 MX1 SOX4,0.24999999999999997
seurat_v3_shareloess_0300hvg_logit_fold4,seurat_v3,300,logit,4,root/T cell/Memory CD4 T cell,Memory CD4 T cell,2,20,0.6,0.15,,CD8A GZMA ISG15 ITGA4 KLRB1 KLRD1 KLRF1 MX1 SOX4,0.44999999999999996
seurat_v3_shareloess_0300hvg_logit_fold4,seurat_v3,300,logit,4,root/T cell/Treg,Treg,2,20,0.55,0.1,,CD8A GZMA ISG15 ITGA4 ITGB1 KLRB1 KLRD1 MX1 SOX4,0.45000000000000007
seurat_v3_shareloess_0300hvg_logit_fold4,seurat_v3,300,logit,4,root/T cell/Naive CD8 T cell,Naive CD8 T cell,2,25,0.32,0.12,GZMB,GZMA ITGB1 KLRB1 MX1 SOX4 TRDV1,0.2
seurat_v3_shareloess_0300hvg_logit_fold4,seurat_v3,300,logit,4,root/T cell/Memory CD8 T cell,Memory CD8 T cell,2,25,0.56,0.16,CCL5,CCR7 ISG15 KLRB1 KLRC2 KLRF1 LEF1 MX1 SELL SOX4 TRDV2 TRGC1,0.4
seurat_v3_shareloess_0300hvg_logit_fold4,seurat_v3,300,logit,4,root/T cell/gdT,gdT,2,23,0.4782608695652174,0.13043478260869565,TRDC,CCR7 CD8A ITGB1 KLRB1 KLRC2 KLRF1 LEF1 SOX4 TRDV1,0.34782608695652173
seurat_v3_shareloess_0300hvg_logit_fold4,seurat_v3,300,logit,4,root/T cell/MAIT,MAIT,2,25,0.56,0.12,GZMK,CCR7 CD4 ITGB1 KLRC2 KLRD1 KLRF1 LEF1 SELL SOX4 TRDV1 TRDV2 TRGC1,0.44000000000000006
seurat_v3_shareloess_0300hvg_logit_fold4,seurat_v3,300,logit,4,root/NK cell,NK cell,1,13,0.5384615384615384,0.38461538461538464,FCER1G FCGR3A GZMB,CD3D CD3E KLRC1 KLRC2 MX1,0.1538461538461538
seurat_v3_shareloess_0300hvg_logit_fold4,seurat_v3,300,logit,4,root/NK cell/CD56dim NK cell,CD56dim NK cell,2,13,0.46153846153846156,0.38461538461538464,FCER1G FCGR3A GZMB MKI67,CD3D CD3E KLRC1 KLRC2 MX1,0.07692307692307693
seurat_v3_shareloess_0300hvg_logit_fold4,seurat_v3,300,logit,4,root/Monocyte,Monocyte,1,23,0.8260869565217391,0.6956521739130435,CD14,IFI44L IFI6 ISG15 MX1,0.13043478260869568
seurat_v3_shareloess_0300hvg_logit_fold4,seurat_v3,300,logit,4,root/Monocyte/CD14 monocyte,CD14 monocyte,2,20,0.8,0.7,CD14 LST1 VCAN,IFI44L IFI6 ISG15 MX1 SOD2,0.10000000000000009
seurat_v3_shareloess_0300hvg_logit_fold4,seurat_v3,300,logit,4,root/Monocyte/CD16 monocyte,CD16 monocyte,2,19,0.7368421052631579,0.6842105263157895,CDKN1C FCGR3A LST1,IFI44L IFI6 ISG15 MX1,0.05263157894736836
seurat_v3_shareloess_0300hvg_logit_fold4,seurat_v3,300,logit,4,root/DC,DC,1,33,0.8484848484848485,0.5454545454545454,CD74,AXL C1orf54 HAMP IFI44L IFI6 ISG15 LAMP5 MX1 PLAC8 S100A10 SMIM5,0.3030303030303031
seurat_v3_shareloess_0300hvg_logit_fold4,seurat_v3,300,logit,4,root/DC/cDC2,cDC2,2,24,0.5,0.5416666666666666,CD74 CST3 HLA-DPA1 HLA-DRA IL3RA IRF8 ITM2C,AXL IFI44L IFI6 ISG15 MX1 PLAC8,-0.04166666666666663
seurat_v3_shareloess_0300hvg_logit_fold4,seurat_v3,300,logit,4,root/Progenitor cell/Progenitor cell,Progenitor cell,2,5,0.4,0.4,,,0.0
f_statistic_2000hvg_logit,f_statistic,2000,logit,0,root,root,0,140,0.5285714285714286,0.8428571428571429,AXL C1QA C1QB C1orf54 CCL3 CD38 CD8A CD8B CDKN1C CLEC9A COCH CXCL8 FOXP3 GZMK HAMP IDO1 IFI44 IFI44L IFI6 IGHA1 IGHM IGKC IGLC2 IKZF2 IL1B ISG15 ITGB1 JCHAIN KLRC2 MKI67 MX1 MYC MZB1 NFKBIA PRDM1 RTKN2 SELL SLAMF7 SLC4A10 TRDV2 TRGC1 TRGC2 XBP1 XCR1,,-0.3142857142857143
f_statistic_2000hvg_logit,f_statistic,2000,logit,0,root/B cell,B cell,1,42,0.6666666666666666,0.6666666666666666,CD19 FOS IFI44L ITGAX MYC PAX5,FAS IGHA2 IGHG1 IGHG2 IGHG3 MME,0.0
f_statistic_2000hvg_logit,f_statistic,2000,logit,0,root/B cell/Naive B cell,Naive B cell,2,24,0.6666666666666666,0.6666666666666666,CD19 FOS MKI67 PRDM1 SLAMF7,FAS IGHA2 IGHG1 STAT1 STAT3,0.0
f_statistic_2000hvg_logit,f_statistic,2000,logit,0,root/B cell/Memory B cell,Memory B cell,2,27,0.6666666666666666,0.6296296296296297,CD24 MKI67 PRDM1 SLAMF7 ZEB2,CD69 FAS IGHA2 IGHG1 IGHG3 IGHG4,0.03703703703703698
f_statistic_2000hvg_logit,f_statistic,2000,logit,0,root/B cell/Effector B cell,Effector B cell,2,21,0.38095238095238093,0.7142857142857143,FCER2 FOS IL4R MKI67 MS4A1 PRDM1 SLAMF7,,-0.33333333333333337
f_statistic_2000hvg_logit,f_statistic,2000,logit,0,root/T cell,T cell,1,36,0.8888888888888888,0.8611111111111112,IFI44 MX1 SOX4,FAS IL2RA ITGA4 TRDV1,0.02777777777777768
f_statistic_2000hvg_logit,f_statistic,2000,logit,0,root/T cell/Naive CD4 T cell,Naive CD4 T cell,2,20,0.75,0.85,CD27 CD8A GZMB KLRD1 KLRF1,FAS IL2RA ITGA4,-0.09999999999999998
f_statistic_2000hvg_logit,f_statistic,2000,logit,0,root/T cell/Memory CD4 T cell,Memory CD4 T cell,2,20,0.85,0.85,CD8A SOX4,IL2RA ITGA4,0.0
f_statistic_2000hvg_logit,f_statistic,2000,logit,0,root/T cell/Treg,Treg,2,20,0.9,0.85,SELL SOX4,FAS IL2RA ITGA4,0.050000000000000044
f_statistic_2000hvg_logit,f_statistic,2000,logit,0,root/T cell/Naive CD8 T cell,Naive CD8 T cell,2,25,0.56,0.88,GZMB GZMK ITGB1 KLRC2 KLRD1 KLRF1 TRDC TRDV2 TRGC1,ITGA4,-0.31999999999999995
f_statistic_2000hvg_logit,f_statistic,2000,logit,0,root/T cell/Memory CD8 T cell,Memory CD8 T cell,2,25,0.92,0.88,SOX4 TRDV2,FAS ITGA4 TRDV1,0.040000000000000036
f_statistic_2000hvg_logit,f_statistic,2000,logit,0,root/T cell/gdT,gdT,2,23,0.9130434782608695,0.8695652173913043,ISG15 MX1,FAS ITGA4 TRDV1,0.04347826086956519
f_statistic_2000hvg_logit,f_statistic,2000,logit,0,root/T cell/MAIT,MAIT,2,25,0.56,0.88,CD8A GZMA GZMB GZMK KLRC2 KLRD1 KLRF1 SOX4 TRGC1,ITGA4,-0.31999999999999995
f_statistic_2000hvg_logit,f_statistic,2000,logit,0,root/NK cell,NK cell,1,13,0.6153846153846154,1.0,CD3D FCER1G ISG15 MX1 MX2,,-0.3846153846153846
f_statistic_2000hvg_logit,f_statistic,2000,logit,0,root/NK cell/CD56dim NK cell,CD56dim NK cell,2,13,0.8461538461538461,1.0,MKI67 NCAM1,,-0.15384615384615385
f_statistic_2000hvg_logit,f_statistic,2000,logit,0,root/Monocyte,Monocyte,1,23,0.6086956521739131,1.0,CCL3 CXCL8 IFI44L IFI6 IL1B ISG15 MX1 NFKBIA SOD2,,-0.3913043478260869
f_statistic_2000hvg_logit,f_statistic,2000,logit,0,root/Monocyte/CD14 monocyte,CD14 monocyte,2,20,0.9,1.0,C1QB S100A8,,-0.09999999999999998
f_statistic_2000hvg_logit,f_statistic,2000,logit,0,root/Monocyte/CD16 monocyte,CD16 monocyte,2,19,0.7894736842105263,1.0,CCL3 S100A8 S100A9 VCAN,,-0.21052631578947367
f_statistic_2000hvg_logit,f_statistic,2000,logit,0,root/DC,DC,1,33,0.9090909090909091,0.9696969696969697,IFI44L ISG15 MX1,SIGLEC6,-0.06060606060606066
f_statistic_2000hvg_logit,f_statistic,2000,logit,0,root/DC/cDC2,cDC2,2,24,0.8333333333333334,0.9583333333333334,C1orf54 IL3RA IRF8 SPI1,SIGLEC6,-0.125
f_statistic_2000hvg_logit,f_statistic,2000,logit,0,root/Progenitor cell/Progenitor cell,Progenitor cell,2,5,0.6,0.8,HBB PTPRC,DNTT,-0.20000000000000007
seurat_v3_shareloess_2000hvg_logit,seurat_v3,2000,logit,0,root,root,0,140,0.8857142857142857,0.8857142857142857,,,0.0
seurat_v3_shareloess_2000hvg_logit,seurat_v3,2000,logit,0,root/B cell,B cell,1,42,0.8333333333333334,0.8571428571428571,CD19 FCER2 MS4A1 PAX5 TBX21,CD27 FAS MCL1 MYC,-0.023809523809523725
seurat_v3_shareloess_2000hvg_logit,seurat_v3,2000,logit,0,root/B cell/Naive B cell,Naive B cell,2,24,0.5416666666666666,0.875,CD19 CD24 FCER2 IGHD IL4R MS4A1 PRDM1 SLAMF7 ZEB2,CD27,-0.33333333333333337
seurat_v3_shareloess_2000hvg_logit,seurat_v3,2000,logit,0,root/B cell/Memory B cell,Memory B cell,2,27,0.7777777777777778,0.8518518518518519,AIM2 CD19 CD24 MS4A1 SLAMF7,FAS MCL1 MYC,-0.07407407407407407
seurat_v3_shareloess_2000hvg_logit,seurat_v3,2000,logit,0,root/B cell/Effector B cell,Effector B cell,2,21,0.7619047619047619,0.9047619047619048,AIM2 CD19 MME MS4A1 PRDM1,CD27 FAS,-0.1428571428571429
seurat_v3_shareloess_2000hvg_logit,seurat_v3,2000,logit,0,root/T cell,T cell,1,36,0.7777777777777778,0.8333333333333334,CD4 IFI44 LEF1 TRAC,FAS ITGA4,-0.05555555555555558
seurat_v3_shareloess_2000hvg_logit,seurat_v3,2000,logit,0,root/T cell/Naive CD4 T cell,Naive CD4 T cell,2,20,0.6,0.75,CCR7 IFI44 KLRF1 LEF1,ITGA4,-0.15000000000000002
seurat_v3_shareloess_2000hvg_logit,seurat_v3,2000,logit,0,root/T cell/Memory CD4 T cell,Memory CD4 T cell,2,20,0.85,0.8,LEF1,ITGA4 SELL,0.04999999999999993
seurat_v3_shareloess_2000hvg_logit,seurat_v3,2000,logit,0,root/T cell/Treg,Treg,2,20,0.7,0.75,CD4 KLRF1 LEF1,FAS ITGA4,-0.050000000000000044
seurat_v3_shareloess_2000hvg_logit,seurat_v3,2000,logit,0,root/T cell/Naive CD8 T cell,Naive CD8 T cell,2,25,0.52,0.8,CCR7 CD8A GZMB IFI44 KLRF1 LEF1 TRAC,,-0.28
seurat_v3_shareloess_2000hvg_logit,seurat_v3,2000,logit,0,root/T cell/Memory CD8 T cell,Memory CD8 T cell,2,25,0.76,0.84,CCL5 CD8A GZMA TRAC,CD27 SELL,-0.07999999999999996
seurat_v3_shareloess_2000hvg_logit,seurat_v3,2000,logit,0,root/T cell/gdT,gdT,2,23,0.6086956521739131,0.8260869565217391,GZMA ISG15 KLRD1 TRAC TRDC TRGC1,SELL,-0.21739130434782605
seurat_v3_shareloess_2000hvg_logit,seurat_v3,2000,logit,0,root/T cell/MAIT,MAIT,2,25,0.6,0.84,CD8A GZMA GZMK IFI44 ISG15 KLRB1 TRAC,SELL,-0.24
seurat_v3_shareloess_2000hvg_logit,seurat_v3,2000,logit,0,root/NK cell,NK cell,1,13,0.7692307692307693,0.8461538461538461,FCER1G FCGR3A GZMB,CD3D CD3E,-0.07692307692307687
seurat_v3_shareloess_2000hvg_logit,seurat_v3,2000,logit,0,root/NK cell/CD56dim NK cell,CD56dim NK cell,2,13,0.6923076923076923,0.8461538461538461,FCER1G FCGR3A GZMB NCAM1,CD3D CD3E,-0.15384615384615385
seurat_v3_shareloess_2000hvg_logit,seurat_v3,2000,logit,0,root/Monocyte,Monocyte,1,23,0.9130434782608695,1.0,CD14 CD68,,-0.08695652173913049
seurat_v3_shareloess_2000hvg_logit,seurat_v3,2000,logit,0,root/Monocyte/CD14 monocyte,CD14 monocyte,2,20,0.85,1.0,CD14 CD68 LST1,,-0.15000000000000002
seurat_v3_shareloess_2000hvg_logit,seurat_v3,2000,logit,0,root/Monocyte/CD16 monocyte,CD16 monocyte,2,19,0.7894736842105263,1.0,CD68 FCGR3A LST1 SOD2,,-0.21052631578947367
seurat_v3_shareloess_2000hvg_logit,seurat_v3,2000,logit,0,root/DC,DC,1,33,0.9696969696969697,0.9696969696969697,SPI1,SIGLEC6,0.0
seurat_v3_shareloess_2000hvg_logit,seurat_v3,2000,logit,0,root/DC/cDC2,cDC2,2,24,0.75,0.9583333333333334,CD163 CD74 CST3 HLA-DRA IRF8 SPI1,SIGLEC6,-0.20833333333333337
seurat_v3_shareloess_2000hvg_logit,seurat_v3,2000,logit,0,root/Progenitor cell/Progenitor cell,Progenitor cell,2,5,0.6,0.8,CD34,,-0.20000000000000007
