selector,dataset,tag,n_hvg,node_n,fold,train_seconds,label_cols,seed,test_frac,subsample,train_key,n_train,n_test,donor_col,n_folds,n_train_donors,n_test_donors,max_iter_retrained,retrained_nodes,hP,hR,hF,macro_hF,exact,accuracy_L1,macro_f1_L1,accuracy_L2,macro_f1_L2,accuracy_L3,macro_f1_L3,arm,fit_seconds,max_iter,n_genes_trained,variant,copied_from,trained_by
f_statistic,aifi,f_statistic_0010hvg_logit_fold0,10,,0,933.1450953483582,"['AIFI_L1', 'AIFI_L2', 'AIFI_L3']",0,0.2,,cc0da75450,1444659,377066,subject.subjectGuid,5,86,22,2000.0,"['root', 'root/B cell/Memory B cell', 'root/T cell/Memory CD8 T cell', 'root/T cell/Treg']",0.7756641571305181,0.7836502027312441,0.7796367296208029,0.4717629978628306,0.6341993178912976,0.9505736396280757,0.46903474842193266,0.7422851293149174,0.4432968316300603,0.6323498212813496,0.2587655552212256,reselect,738.4586222039652,,,,,
f_statistic,aifi,f_statistic_0010hvg_logit_fold0,10,,0,609.1283617019653,"['AIFI_L1', 'AIFI_L2', 'AIFI_L3']",0,0.2,,cc0da75450,1444659,377066,subject.subjectGuid,5,86,22,,,0.699601608485757,0.7065065025564495,0.7030371017884018,0.26470704335618744,0.4881930484318395,0.9755188746797643,0.6207094644279567,0.6349024659062239,0.34069269979324646,0.48569641222255333,0.1072230319032248,fixed_global,596.9582925271243,2000.0,10.0,,,
f_statistic,aifi,f_statistic_0010hvg_logit_fold1,10,,1,1377.8470640182495,"['AIFI_L1', 'AIFI_L2', 'AIFI_L3']",0,0.2,,ee386cc83f,1411792,409933,subject.subjectGuid,5,85,23,2000.0,"['root', 'root/T cell/Memory CD8 T cell', 'root/T cell/Treg']",0.7707492617758689,0.7802648184528261,0.7754778508825968,0.47313988793219375,0.6291052440276825,0.9440664693986578,0.4556472561513433,0.7388884010030932,0.4328716186204041,0.6275818820148432,0.24686971777639674,reselect,549.8312236148631,,,,,
f_statistic,aifi,f_statistic_0010hvg_logit_fold1,10,,1,718.9806370735168,"['AIFI_L1', 'AIFI_L2', 'AIFI_L3']",0,0.2,,ee386cc83f,1411792,409933,subject.subjectGuid,5,85,23,,,0.6971943137700995,0.7066269078094253,0.7018789209175256,0.2809675233786139,0.4828008479434444,0.95765893450881,0.5661002362447454,0.6512968791938121,0.3450191153988017,0.48091053056085614,0.112020355518543,fixed_global,707.3860196480528,2000.0,10.0,,,
f_statistic,aifi,f_statistic_0010hvg_logit_fold2,10,,2,1418.3802907466888,"['AIFI_L1', 'AIFI_L2', 'AIFI_L3']",0,0.2,,417a31d43e,1477679,344046,subject.subjectGuid,5,87,21,2000.0,"['root', 'root/B cell/Memory B cell', 'root/T cell/Memory CD8 T cell', 'root/T cell/Treg']",0.7716959873857883,0.779880065154644,0.7757664420466078,0.4762805181613612,0.6302151456491283,0.9476901344587643,0.4572606551822413,0.7369369526483608,0.43274698800847705,0.6290282801709964,0.25693642127312133,reselect,853.0426494868589,,,,,
f_statistic,aifi,f_statistic_0010hvg_logit_fold2,10,,2,685.2202708721161,"['AIFI_L1', 'AIFI_L2', 'AIFI_L3']",0,0.2,,417a31d43e,1477679,344046,subject.subjectGuid,5,87,21,,,0.6717490846496204,0.6789787854435565,0.6753445867475243,0.2426804245733016,0.4582613952785383,0.9626677827964866,0.5599942450622438,0.5946773940390999,0.3398736493719277,0.455894133008612,0.10805857121016746,fixed_global,673.1796689960756,2000.0,10.0,,,
f_statistic_ranked,aifi,f_statistic_0010hvg_logit_fold3,10,,3,492.251505613327,"['AIFI_L1', 'AIFI_L2', 'AIFI_L3']",0,0.2,,346bb3fd13,1481966,339759,subject.subjectGuid,5,87,21,2000.0,"['root', 'root/B cell/Memory B cell', 'root/T cell/Memory CD8 T cell', 'root/T cell/Treg']",0.7767973386329571,0.786073836372062,0.78140805695115,0.4782590390997691,0.6397446425260258,0.9478394979971098,0.46417025007112866,0.7426903855096864,0.43870804811892394,0.638289257846806,0.25884004998314464,reselect,657.8395113588776,,131.0,,,
f_statistic,aifi,f_statistic_0010hvg_logit_fold3,10,,3,656.7460761070251,"['AIFI_L1', 'AIFI_L2', 'AIFI_L3']",0,0.2,,346bb3fd13,1481966,339759,subject.subjectGuid,5,87,21,,,0.691687957892582,0.7003961392616362,0.6960148115650236,0.2380007961094974,0.48990608048646245,0.9668176560444315,0.5604072504241507,0.6185961772791222,0.3380111655041623,0.4877990089479876,0.10987227087129235,fixed_global,644.7320664680446,2000.0,10.0,,,
f_statistic_ranked,aifi,f_statistic_0010hvg_logit_fold4,10,,4,482.3056101799011,"['AIFI_L1', 'AIFI_L2', 'AIFI_L3']",0,0.2,,58eefad63e,1470804,350921,subject.subjectGuid,5,87,21,2000.0,"['root', 'root/B cell/Memory B cell', 'root/T cell/Memory CD8 T cell', 'root/T cell/Treg', 'root/T cell/gdT']",0.7756271205825168,0.7854493547555831,0.7805073371059851,0.4824354563929588,0.6429823236568915,0.9431182516862769,0.46012938512534984,0.7403010424206501,0.4341012687621612,0.6421237460600739,0.2691307914726945,reselect,646.8235371821211,,133.0,,,
f_statistic,aifi,f_statistic_0010hvg_logit_fold4,10,,4,647.2713220119476,"['AIFI_L1', 'AIFI_L2', 'AIFI_L3']",0,0.2,,58eefad63e,1470804,350921,subject.subjectGuid,5,87,21,,,0.6794076638758755,0.6871006129604804,0.6832324841528429,0.25684546038173817,0.46499069591161546,0.9769349796677885,0.6262499414374948,0.5965064006507685,0.3395765969397507,0.461995862749454,0.10345506624122239,fixed_global,635.7331014140509,2000.0,10.0,,,
f_statistic_ranked,aifi,f_statistic_0025hvg_logit_fold0,25,,0,760.3282918930054,"['AIFI_L1', 'AIFI_L2', 'AIFI_L3']",0,0.2,,cc0da75450,1444659,377066,subject.subjectGuid,5,86,22,2000.0,"['root/B cell', 'root/B cell/Memory B cell', 'root/T cell', 'root/T cell/Memory CD8 T cell', 'root/T cell/Treg', 'root/T cell/gdT']",0.8438208505457389,0.8478264573914619,0.8458189115834333,0.6857732556405497,0.7238838823972461,0.9719359475529483,0.7780741993911165,0.8348558633157694,0.6147562925027221,0.7216757741347906,0.3668988280174988,reselect,1153.8531081079273,,303.0,,,
f_statistic,aifi,f_statistic_0025hvg_logit_fold0,25,,0,1038.4641363620758,"['AIFI_L1', 'AIFI_L2', 'AIFI_L3']",0,0.2,,cc0da75450,1444659,377066,subject.subjectGuid,5,86,22,,,0.7703277520484503,0.7757005909295145,0.7730048355030759,0.46314734243985695,0.5796757066402168,0.987134878244127,0.7791642503276718,0.7448067031911468,0.48926034403727325,0.575511990339652,0.17275426166892463,fixed_global,1026.5209142318927,2000.0,25.0,,,
f_statistic_ranked,aifi,f_statistic_0025hvg_logit_fold1,25,,1,732.7994639873505,"['AIFI_L1', 'AIFI_L2', 'AIFI_L3']",0,0.2,,ee386cc83f,1411792,409933,subject.subjectGuid,5,85,23,2000.0,"['root/B cell', 'root/B cell/Memory B cell', 'root/T cell', 'root/T cell/Memory CD8 T cell', 'root/T cell/Treg', 'root/T cell/gdT']",0.8398607821098598,0.8442073752790379,0.8420284693988583,0.6743465506643568,0.7201079200747439,0.9683045766015422,0.7921857137095611,0.8306970762702505,0.6134464819335314,0.7172613602472174,0.36916024086879545,reselect,1131.4019374070922,,301.0,,,
f_statistic,aifi,f_statistic_0025hvg_logit_fold1,25,,1,741.857093334198,"['AIFI_L1', 'AIFI_L2', 'AIFI_L3']",0,0.2,,ee386cc83f,1411792,409933,subject.subjectGuid,5,85,23,,,0.7562772198664346,0.7625063948342137,0.7593790331076988,0.47903958154207715,0.5570276118292501,0.9844267233913835,0.7532975575719291,0.7276568969020926,0.4867702050225655,0.5526882951400641,0.1755364134461098,fixed_global,729.9347912010853,2000.0,25.0,,,
f_statistic_ranked,aifi,f_statistic_0025hvg_logit_fold2,25,,2,790.9106576442719,"['AIFI_L1', 'AIFI_L2', 'AIFI_L3']",0,0.2,,417a31d43e,1477679,344046,subject.subjectGuid,5,87,21,2000.0,"['root/B cell', 'root/B cell/Memory B cell', 'root/NK cell/CD56dim NK cell', 'root/T cell', 'root/T cell/Memory CD8 T cell', 'root/T cell/Treg', 'root/T cell/gdT']",0.8421096414607769,0.8453353322474226,0.8437194037665878,0.6845653217132986,0.7216912854676409,0.9715125303011807,0.7863174057764826,0.8318870211616257,0.6178505782943957,0.7198367726531598,0.3675194144695485,reselect,1202.0967447510338,,300.0,,,
f_statistic,aifi,f_statistic_0025hvg_logit_fold2,25,,2,685.0393841266632,"['AIFI_L1', 'AIFI_L2', 'AIFI_L3']",0,0.2,,417a31d43e,1477679,344046,subject.subjectGuid,5,87,21,,,0.7531348742439707,0.7582224335534627,0.7556700909799435,0.4445445879390577,0.5619771774704545,0.9823744499282073,0.7450456600615101,0.7147418994869165,0.4952749867497296,0.5586430538691622,0.1690569164424284,fixed_global,672.5612159548327,2000.0,25.0,,,
f_statistic_ranked,aifi,f_statistic_0025hvg_logit_fold3,25,,3,717.5693860054016,"['AIFI_L1', 'AIFI_L2', 'AIFI_L3']",0,0.2,,346bb3fd13,1481966,339759,subject.subjectGuid,5,87,21,2000.0,"['root/B cell', 'root/B cell/Memory B cell', 'root/T cell', 'root/T cell/Memory CD8 T cell', 'root/T cell/Treg', 'root/T cell/gdT']",0.8447852760736196,0.8494451558895195,0.8471088076207324,0.6761170479081985,0.7273567440450437,0.9727365573833217,0.7808045241532962,0.8339334692392131,0.6058105680469686,0.7246620856985071,0.3658162327356028,reselect,1136.402486094099,,302.0,,,
f_statistic,aifi,f_statistic_0025hvg_logit_fold3,25,,3,791.1092703342438,"['AIFI_L1', 'AIFI_L2', 'AIFI_L3']",0,0.2,,346bb3fd13,1481966,339759,subject.subjectGuid,5,87,21,,,0.7668493638576149,0.7724625909999153,0.7696457428824629,0.4742740093613428,0.5825747073661036,0.9870260979105778,0.7603156753606809,0.7312529165411447,0.49484853527090594,0.5782906542983134,0.1711799837666778,fixed_global,777.8239323958987,2000.0,25.0,,,
f_statistic_ranked,aifi,f_statistic_0025hvg_logit_fold4,25,,4,620.4225392341614,"['AIFI_L1', 'AIFI_L2', 'AIFI_L3']",0,0.2,,58eefad63e,1470804,350921,subject.subjectGuid,5,87,21,2000.0,"['root/B cell', 'root/B cell/Memory B cell', 'root/T cell', 'root/T cell/Memory CD8 T cell', 'root/T cell/Treg', 'root/T cell/gdT']",0.8436821016462038,0.8488445825238221,0.8462554688830537,0.6639742773473009,0.7299363674445245,0.9689673744233033,0.6942795228742793,0.8309464365472932,0.6110680377077857,0.7282421388974888,0.37100346504820614,reselect,1037.5701787588769,,300.0,,,
f_statistic,aifi,f_statistic_0025hvg_logit_fold4,25,,4,677.0690984725952,"['AIFI_L1', 'AIFI_L2', 'AIFI_L3']",0,0.2,,58eefad63e,1470804,350921,subject.subjectGuid,5,87,21,,,0.7392883343453285,0.7450128797946954,0.7421395680638151,0.44365076273777737,0.5422217536140613,0.9850450671233697,0.7578535600026616,0.6906096315432613,0.48042569311806244,0.5380597882982435,0.15588124840074288,fixed_global,665.1579971299507,2000.0,25.0,,,
f_statistic_ranked,aifi,f_statistic_0050hvg_logit_fold0,50,,0,888.2425193786621,"['AIFI_L1', 'AIFI_L2', 'AIFI_L3']",0,0.2,,cc0da75450,1444659,377066,subject.subjectGuid,5,86,22,2000.0,"['root/B cell', 'root/B cell/Memory B cell', 'root/DC/cDC2', 'root/T cell', 'root/T cell/Memory CD4 T cell', 'root/T cell/Memory CD8 T cell', 'root/T cell/Treg', 'root/T cell/gdT']",0.8854273879978272,0.8887951190244506,0.8871080572907598,0.7670624003740081,0.7825314401192364,0.990102528469817,0.8740458670584715,0.8827248275678411,0.6990845607264496,0.7807094981199935,0.4406770424874876,reselect,1471.166552301962,,500.0,,,
f_statistic,aifi,f_statistic_0050hvg_logit_fold0,50,,0,1026.4731028079987,"['AIFI_L1', 'AIFI_L2', 'AIFI_L3']",0,0.2,,cc0da75450,1444659,377066,subject.subjectGuid,5,86,22,,,0.7967625867180208,0.8007377426295242,0.7987452188643006,0.5447992412408327,0.6254846631624172,0.9907018930372932,0.8199123553613421,0.7741837566100936,0.5479796509204685,0.6213635993374786,0.22630852497341447,fixed_global,1012.8973247719696,2000.0,50.0,,,
f_statistic_ranked,aifi,f_statistic_0050hvg_logit_fold1,50,,1,834.3195097446442,"['AIFI_L1', 'AIFI_L2', 'AIFI_L3']",0,0.2,,ee386cc83f,1411792,409933,subject.subjectGuid,5,85,23,2000.0,"['root/B cell', 'root/B cell/Memory B cell', 'root/T cell', 'root/T cell/Memory CD4 T cell', 'root/T cell/Memory CD8 T cell', 'root/T cell/Treg', 'root/T cell/gdT']",0.8829439919900337,0.8862467467959712,0.8845922865740985,0.7686884183797921,0.7806275659680972,0.9887859723418218,0.88614460045024,0.878291993165616,0.7009701991693691,0.778587277548289,0.447493652773281,reselect,1373.1170996130095,,498.0,,,
f_statistic,aifi,f_statistic_0050hvg_logit_fold1,50,,1,941.0094957351685,"['AIFI_L1', 'AIFI_L2', 'AIFI_L3']",0,0.2,,ee386cc83f,1411792,409933,subject.subjectGuid,5,85,23,,,0.787691827284568,0.7922189227586675,0.7899488890244083,0.5503040116572568,0.6135856347256747,0.9895470723264533,0.8238015457490524,0.7603372671355837,0.5530255600218209,0.6086137119602352,0.2273820094309152,fixed_global,928.7173424129724,2000.0,50.0,,,
f_statistic_ranked,aifi,f_statistic_0050hvg_logit_fold2,50,,2,913.8236658573151,"['AIFI_L1', 'AIFI_L2', 'AIFI_L3']",0,0.2,,417a31d43e,1477679,344046,subject.subjectGuid,5,87,21,2000.0,"['root/B cell', 'root/B cell/Memory B cell', 'root/DC/cDC2', 'root/NK cell/CD56dim NK cell', 'root/T cell', 'root/T cell/Memory CD4 T cell', 'root/T cell/Memory CD8 T cell', 'root/T cell/Treg', 'root/T cell/gdT']",0.8801807793612189,0.8827982701402711,0.8814875816595946,0.7621024096564712,0.776692651564035,0.9880975218430094,0.8861631799298549,0.87453222362121,0.696091262440138,0.7750633304655387,0.43698267208984504,reselect,1552.0688914129278,,504.0,,,
f_statistic,aifi,f_statistic_0050hvg_logit_fold2,50,,2,956.1771080493927,"['AIFI_L1', 'AIFI_L2', 'AIFI_L3']",0,0.2,,417a31d43e,1477679,344046,subject.subjectGuid,5,87,21,,,0.7791141337978807,0.7829756966890202,0.7810401422567531,0.5384569026749555,0.6074565610412561,0.9879173133825128,0.8196179780225945,0.7423172884719202,0.5503427526156573,0.6031277496373452,0.22815411905381602,fixed_global,943.0903466748423,2000.0,50.0,,,
f_statistic_ranked,aifi,f_statistic_0050hvg_logit_fold3,50,,3,878.0939056873322,"['AIFI_L1', 'AIFI_L2', 'AIFI_L3']",0,0.2,,346bb3fd13,1481966,339759,subject.subjectGuid,5,87,21,2000.0,"['root/B cell', 'root/B cell/Memory B cell', 'root/DC/cDC2', 'root/NK cell/CD56dim NK cell', 'root/T cell', 'root/T cell/Memory CD4 T cell', 'root/T cell/Memory CD8 T cell', 'root/T cell/Treg', 'root/T cell/gdT']",0.8847723393275376,0.8884800709562652,0.8866223288539712,0.7708394877168049,0.7835141968277515,0.9906080486462463,0.88573787614329,0.8796832273873362,0.697537544200923,0.7811630406806861,0.4436346714948696,reselect,1578.768911012041,,497.0,,,
f_statistic,aifi,f_statistic_0050hvg_logit_fold3,50,,3,1040.6998093128204,"['AIFI_L1', 'AIFI_L2', 'AIFI_L3']",0,0.2,,346bb3fd13,1481966,339759,subject.subjectGuid,5,87,21,,,0.7970901563773279,0.8012835908653775,0.7991813727512227,0.5597124193093604,0.63543864916014,0.9916911693288478,0.8281471017452119,0.7647704316293542,0.5511088132081047,0.630564958614796,0.23245822255522677,fixed_global,1028.0122362138936,2000.0,50.0,,,
f_statistic_ranked,aifi,f_statistic_0050hvg_logit_fold4,50,,4,897.3930716514587,"['AIFI_L1', 'AIFI_L2', 'AIFI_L3']",0,0.2,,58eefad63e,1470804,350921,subject.subjectGuid,5,87,21,2000.0,"['root/B cell', 'root/B cell/Memory B cell', 'root/DC/cDC2', 'root/NK cell/CD56dim NK cell', 'root/T cell', 'root/T cell/Memory CD4 T cell', 'root/T cell/Memory CD8 T cell', 'root/T cell/Naive CD8 T cell', 'root/T cell/Treg', 'root/T cell/gdT']",0.8849370011671079,0.8884037451296617,0.8866669845402656,0.771781091281088,0.7870546362286669,0.9904280450585744,0.8981378350666055,0.8757746704963051,0.6979132744612172,0.7856840906288713,0.44980064474621523,reselect,1483.4497668049298,,499.0,,,
f_statistic,aifi,f_statistic_0050hvg_logit_fold4,50,,4,1071.861579656601,"['AIFI_L1', 'AIFI_L2', 'AIFI_L3']",0,0.2,,58eefad63e,1470804,350921,subject.subjectGuid,5,87,21,,,0.778065545905731,0.7828618141352489,0.7804563112634554,0.5514764881408027,0.6063245003861268,0.9906702648174376,0.8186628484062802,0.7375295687685073,0.5407958937800296,0.6017359732891265,0.22323116746772317,fixed_global,1059.1687808709685,2000.0,50.0,,,
f_statistic_ranked,aifi,f_statistic_0100hvg_logit_fold0,100,,0,1368.527310371399,"['AIFI_L1', 'AIFI_L2', 'AIFI_L3']",0,0.2,,cc0da75450,1444659,377066,subject.subjectGuid,5,86,22,2000.0,"['root/B cell', 'root/B cell/Memory B cell', 'root/DC/cDC2', 'root/NK cell/CD56dim NK cell', 'root/T cell', 'root/T cell/MAIT', 'root/T cell/Memory CD4 T cell', 'root/T cell/Memory CD8 T cell', 'root/T cell/Treg', 'root/T cell/gdT']",0.9077271726857759,0.9099211406401483,0.9088228325632037,0.8213794155991109,0.8193658404629428,0.992781104634202,0.9204794226452364,0.9096715425673588,0.7825430917976898,0.818066429224044,0.5129027968559867,reselect,2369.3928574581514,,842.0,,,
f_statistic,aifi,f_statistic_0100hvg_logit_fold0,100,,0,1192.852979183197,"['AIFI_L1', 'AIFI_L2', 'AIFI_L3']",0,0.2,,cc0da75450,1444659,377066,subject.subjectGuid,5,86,22,,,0.8295401320752693,0.8323173602696985,0.8309264255774632,0.6826140235668239,0.6788784987243612,0.994046135159362,0.9272190290041666,0.8154937418260177,0.646266370435333,0.6748730313725704,0.32014726455241854,fixed_global,1179.3565820992226,2000.0,100.0,,,
f_statistic_ranked,aifi,f_statistic_0100hvg_logit_fold1,100,,1,1260.7652924060822,"['AIFI_L1', 'AIFI_L2', 'AIFI_L3']",0,0.2,,ee386cc83f,1411792,409933,subject.subjectGuid,5,85,23,2000.0,"['root/B cell', 'root/B cell/Memory B cell', 'root/NK cell/CD56dim NK cell', 'root/T cell', 'root/T cell/Memory CD4 T cell', 'root/T cell/Memory CD8 T cell', 'root/T cell/Treg', 'root/T cell/gdT']",0.9049756589966872,0.9069217933470582,0.9059476810136865,0.8199705167828988,0.8161845960193495,0.991657173245384,0.9326316014187372,0.9049816970324887,0.7551991918497466,0.8152110725244284,0.5129792670187545,reselect,2207.4152457588934,,841.0,,,
f_statistic,aifi,f_statistic_0100hvg_logit_fold1,100,,1,1134.6526906490326,"['AIFI_L1', 'AIFI_L2', 'AIFI_L3']",0,0.2,,ee386cc83f,1411792,409933,subject.subjectGuid,5,85,23,,,0.8270963076918009,0.8300308852929971,0.8285609980962909,0.6929178935816918,0.6764276113413655,0.9934867405161332,0.9416391571048207,0.8114460671177851,0.6490427151965573,0.6716133204822673,0.32523326849549145,fixed_global,1121.7633070481243,2000.0,100.0,,,
f_statistic_ranked,aifi,f_statistic_0100hvg_logit_fold2,100,,2,1336.8861155509949,"['AIFI_L1', 'AIFI_L2', 'AIFI_L3']",0,0.2,,417a31d43e,1477679,344046,subject.subjectGuid,5,87,21,2000.0,"['root/B cell', 'root/B cell/Memory B cell', 'root/NK cell/CD56dim NK cell', 'root/T cell', 'root/T cell/Memory CD4 T cell', 'root/T cell/Memory CD8 T cell', 'root/T cell/Treg', 'root/T cell/gdT']",0.9027365101405617,0.9044038330422071,0.9035694024298555,0.8131987017662718,0.8132023043430239,0.990707637932137,0.9317997318706218,0.9026159011024009,0.7490282005595585,0.8121943179093742,0.5020534245389935,reselect,2297.1976260200026,,841.0,,,
f_statistic,aifi,f_statistic_0100hvg_logit_fold2,100,,2,1238.7218470573425,"['AIFI_L1', 'AIFI_L2', 'AIFI_L3']",0,0.2,,417a31d43e,1477679,344046,subject.subjectGuid,5,87,21,,,0.8151870633001673,0.8174599120137226,0.8163219056121572,0.6690625420563376,0.6622689989129361,0.9918150479877691,0.9336945317088863,0.7914159904862363,0.6422808335964586,0.6580051395446125,0.32040814195976525,fixed_global,1225.158161290863,2000.0,100.0,,,
f_statistic_ranked,aifi,f_statistic_0100hvg_logit_fold3,100,,3,1431.1794357299805,"['AIFI_L1', 'AIFI_L2', 'AIFI_L3']",0,0.2,,346bb3fd13,1481966,339759,subject.subjectGuid,5,87,21,2000.0,"['root/B cell', 'root/B cell/Memory B cell', 'root/NK cell/CD56dim NK cell', 'root/T cell', 'root/T cell/MAIT', 'root/T cell/Memory CD4 T cell', 'root/T cell/Memory CD8 T cell', 'root/T cell/Treg', 'root/T cell/gdT']",0.9082740211754838,0.9108293013498632,0.9095498665716605,0.8214296278747456,0.8217795555084634,0.9933894319208616,0.9195211521036177,0.9083938063049732,0.7526733326669531,0.8202992226049575,0.5111918040456255,reselect,2406.7817348269746,,835.0,,,
f_statistic,aifi,f_statistic_0100hvg_logit_fold3,100,,3,1252.9486315250397,"['AIFI_L1', 'AIFI_L2', 'AIFI_L3']",0,0.2,,346bb3fd13,1481966,339759,subject.subjectGuid,5,87,21,,,0.8307880183874267,0.8339135071031009,0.8323478286818409,0.6769680697665956,0.6877109951465598,0.9943459923063113,0.9333570536821912,0.8107463358037553,0.6437892963928552,0.6830109638952292,0.32398792937715093,fixed_global,1239.2398576490232,2000.0,100.0,,,
f_statistic_ranked,aifi,f_statistic_0100hvg_logit_fold4,100,,4,1363.319137096405,"['AIFI_L1', 'AIFI_L2', 'AIFI_L3']",0,0.2,,58eefad63e,1470804,350921,subject.subjectGuid,5,87,21,2000.0,"['root/B cell', 'root/B cell/Memory B cell', 'root/NK cell/CD56dim NK cell', 'root/T cell', 'root/T cell/MAIT', 'root/T cell/Memory CD4 T cell', 'root/T cell/Memory CD8 T cell', 'root/T cell/Treg', 'root/T cell/gdT']",0.9072352983073491,0.9097246551795691,0.9084782714506086,0.8237580247649396,0.8222106969944802,0.9931067106271781,0.9324392206969918,0.9043626325430201,0.7526591363498436,0.8214649752832557,0.5144183737633008,reselect,2329.681752667937,,848.0,,,
f_statistic,aifi,f_statistic_0100hvg_logit_fold4,100,,4,1060.482632637024,"['AIFI_L1', 'AIFI_L2', 'AIFI_L3']",0,0.2,,58eefad63e,1470804,350921,subject.subjectGuid,5,87,21,,,0.8123400286530196,0.8154063384611228,0.8138702954364065,0.6780899720410974,0.6624282958272659,0.9940556421530772,0.9356621180378547,0.7804463428268379,0.6301732468046182,0.6578687715836211,0.2965526373453619,fixed_global,1047.1154581008595,2000.0,100.0,,,
f_statistic_ranked,aifi,f_statistic_0200hvg_logit_fold0,200,,0,2452.025242090225,"['AIFI_L1', 'AIFI_L2', 'AIFI_L3']",0,0.2,,cc0da75450,1444659,377066,subject.subjectGuid,5,86,22,2000.0,"['root/B cell', 'root/B cell/Memory B cell', 'root/DC/cDC2', 'root/T cell', 'root/T cell/Memory CD4 T cell', 'root/T cell/Memory CD8 T cell', 'root/T cell/Treg', 'root/T cell/gdT']",0.9241241200020053,0.9258024273938744,0.924962512393199,0.8589717694874346,0.846941914678067,0.9963719879278429,0.9447228130569165,0.927513338856228,0.8155118116388895,0.8460617353299812,0.576234920882247,reselect,4023.9241583449184,,1540.0,,,
f_statistic,aifi,f_statistic_0200hvg_logit_fold0,200,,0,2807.3363914489746,"['AIFI_L1', 'AIFI_L2', 'AIFI_L3']",0,0.2,,cc0da75450,1444659,377066,subject.subjectGuid,5,86,22,,,0.8964479008451753,0.8982648788410643,0.8973554700834026,0.7948104106314543,0.7858862904637385,0.9961465632011371,0.9440294943796376,0.905929359117788,0.7543251589484691,0.7838486184516801,0.41949720026454757,fixed_global,2790.808933401131,2000.0,200.0,,,
f_statistic_ranked,aifi,f_statistic_0200hvg_logit_fold1,200,,1,2747.011736392975,"['AIFI_L1', 'AIFI_L2', 'AIFI_L3']",0,0.2,,ee386cc83f,1411792,409933,subject.subjectGuid,5,85,23,2000.0,"['root/B cell', 'root/B cell/Memory B cell', 'root/DC/cDC2', 'root/T cell', 'root/T cell/MAIT', 'root/T cell/Memory CD4 T cell', 'root/T cell/Memory CD8 T cell', 'root/T cell/Treg', 'root/T cell/gdT']",0.9218962914542421,0.9231504155919075,0.92252292729339,0.8585074663683725,0.8431548570132192,0.9964238058414424,0.9581173819279533,0.9235827374872319,0.7874116437750918,0.8428167187258545,0.5635289339329221,reselect,3936.340282670688,,1547.0,,,
f_statistic,aifi,f_statistic_0200hvg_logit_fold1,200,,1,2690.381003141403,"['AIFI_L1', 'AIFI_L2', 'AIFI_L3']",0,0.2,,ee386cc83f,1411792,409933,subject.subjectGuid,5,85,23,,,0.8927865531134201,0.894465193506237,0.893625084995151,0.7874134927742539,0.7802811678981687,0.9961042414248182,0.9617659016345278,0.900395804278222,0.7516831991936918,0.7779050856545944,0.41717586994301886,fixed_global,2674.759361361095,2000.0,200.0,,,
f_statistic_ranked,aifi,f_statistic_0200hvg_logit_fold2,200,,2,3145.951832294464,"['AIFI_L1', 'AIFI_L2', 'AIFI_L3']",0,0.2,,417a31d43e,1477679,344046,subject.subjectGuid,5,87,21,2000.0,"['root/B cell', 'root/B cell/Memory B cell', 'root/DC/cDC2', 'root/T cell', 'root/T cell/MAIT', 'root/T cell/Memory CD4 T cell', 'root/T cell/Memory CD8 T cell', 'root/T cell/Treg', 'root/T cell/gdT']",0.9185967913934865,0.9198918149969643,0.9192438470906492,0.8508616373872616,0.8384111426960348,0.9953814315527575,0.9474467478963108,0.920278759898314,0.8058691969267747,0.8376366380513156,0.5631973580760825,reselect,4360.170277044235,,1525.0,,,
f_statistic,aifi,f_statistic_0200hvg_logit_fold2,200,,2,2655.310985803604,"['AIFI_L1', 'AIFI_L2', 'AIFI_L3']",0,0.2,,417a31d43e,1477679,344046,subject.subjectGuid,5,87,21,,,0.8947422624798317,0.8962005568403535,0.8954708159441963,0.7880374627085152,0.7856158769466873,0.9956749969480825,0.9546285250165395,0.901642745272213,0.7494043740598242,0.7835934126565274,0.41744418908084413,fixed_global,2638.9533717508893,2000.0,200.0,,,
f_statistic_ranked,aifi,f_statistic_0200hvg_logit_fold3,200,,3,3234.6148748397827,"['AIFI_L1', 'AIFI_L2', 'AIFI_L3']",0,0.2,,346bb3fd13,1481966,339759,subject.subjectGuid,5,87,21,2000.0,"['root/B cell', 'root/B cell/Memory B cell', 'root/DC/cDC2', 'root/T cell', 'root/T cell/MAIT', 'root/T cell/Memory CD4 T cell', 'root/T cell/Memory CD8 T cell', 'root/T cell/Treg', 'root/T cell/gdT']",0.9244553623375784,0.9263440083313818,0.9253987217012125,0.8599167335800748,0.8483130689694754,0.9967123755367775,0.9481724057647821,0.926906945838032,0.7869547981297054,0.8471945032678743,0.5615714839690079,reselect,4359.099413023039,,1525.0,,,
f_statistic,aifi,f_statistic_0200hvg_logit_fold3,200,,3,2943.3418781757355,"['AIFI_L1', 'AIFI_L2', 'AIFI_L3']",0,0.2,,346bb3fd13,1481966,339759,subject.subjectGuid,5,87,21,,,0.8977459951616801,0.8997912171690244,0.8987674426475595,0.7944526360599842,0.7930003325886879,0.9964327655779538,0.950147968333473,0.9029732569669523,0.7548433694345056,0.7903734556060966,0.41836429327623975,fixed_global,2927.158664128976,2000.0,200.0,,,
f_statistic_ranked,aifi,f_statistic_0200hvg_logit_fold4,200,,4,2707.0758814811707,"['AIFI_L1', 'AIFI_L2', 'AIFI_L3']",0,0.2,,58eefad63e,1470804,350921,subject.subjectGuid,5,87,21,2000.0,"['root/B cell', 'root/B cell/Memory B cell', 'root/DC/cDC2', 'root/NK cell/CD56dim NK cell', 'root/T cell', 'root/T cell/MAIT', 'root/T cell/Memory CD4 T cell', 'root/T cell/Memory CD8 T cell', 'root/T cell/Treg', 'root/T cell/gdT']",0.922858574374193,0.9244092618704994,0.9236332672606617,0.8601365438765844,0.8471479335804925,0.9967656538081221,0.9599475512968885,0.9219949252404777,0.7822082497869803,0.8471517135815894,0.5635850271567638,reselect,4243.722085668996,,1549.0,,,
f_statistic,aifi,f_statistic_0200hvg_logit_fold4,200,,4,2677.1152794361115,"['AIFI_L1', 'AIFI_L2', 'AIFI_L3']",0,0.2,,58eefad63e,1470804,350921,subject.subjectGuid,5,87,21,,,0.8945794241330266,0.8966084011585542,0.8955927634788209,0.7862548988788939,0.7887102795216018,0.9964065986361603,0.9619326695553144,0.8968496983875777,0.7494019149844386,0.7869093268833697,0.4188691783368348,fixed_global,2661.4693999761366,2000.0,200.0,,,
f_statistic,aifi,f_statistic_0300hvg_logit_fold0,300,,0,3283.204162,"['AIFI_L1', 'AIFI_L2', 'AIFI_L3']",0,0.2,,cc0da75450,1444659,377066,subject.subjectGuid,5,86,22,2000.0,"['root/B cell', 'root/B cell/Memory B cell', 'root/DC/cDC2', 'root/T cell', 'root/T cell/Memory CD4 T cell', 'root/T cell/Memory CD8 T cell', 'root/T cell/Naive CD8 T cell', 'root/T cell/Treg', 'root/T cell/gdT']",0.9296691704545862,0.9310740675304455,0.9303710886303053,0.8673296916386004,0.8570780712129972,0.996785708602738,0.9509825293432321,0.9333381280016622,0.8248018091555522,0.856548845144285,0.5898288601168176,reselect,5402.938999146514,,,,/home/baia/users/tom/catnap_gene-selection-study/runs_cv/aifi/f_statistic_0300hvg_logit_fold0,
f_statistic,aifi,f_statistic_0300hvg_logit_fold0,300,,0,2368.362324,"['AIFI_L1', 'AIFI_L2', 'AIFI_L3']",0,0.2,,cc0da75450,1444659,377066,subject.subjectGuid,5,86,22,2000.0,"['root/B cell', 'root/B cell/Memory B cell', 'root/Monocyte/CD14 monocyte', 'root/Monocyte/CD16 monocyte', 'root/T cell', 'root/T cell/MAIT', 'root/T cell/Memory CD4 T cell', 'root/T cell/Memory CD8 T cell', 'root/T cell/Naive CD4 T cell', 'root/T cell/Treg', 'root/T cell/gdT']",0.9066560280544146,0.9080090724585951,0.9073320458303274,0.8196372215733703,0.8026340216301655,0.9969740045509274,0.9526325010767871,0.918708845653888,0.8072648476246576,0.8009249100324761,0.4558999767695691,fixed_global,3912.5662025279016,,,,/home/baia/users/tom/catnap_gene-selection-study/runs_cv/aifi/f_statistic_0300hvg_logit_fold0,
f_statistic,aifi,f_statistic_0300hvg_logit_fold1,300,,1,3130.588812,"['AIFI_L1', 'AIFI_L2', 'AIFI_L3']",0,0.2,,ee386cc83f,1411792,409933,subject.subjectGuid,5,85,23,2000.0,"['root/B cell', 'root/B cell/Memory B cell', 'root/DC/cDC2', 'root/T cell', 'root/T cell/MAIT', 'root/T cell/Memory CD4 T cell', 'root/T cell/Memory CD8 T cell', 'root/T cell/Naive CD8 T cell', 'root/T cell/Treg', 'root/T cell/gdT']",0.9277110124304604,0.9289216759879038,0.9283159494875286,0.869083685178585,0.854007850063303,0.9967653250653156,0.9645629923644228,0.9301393676890892,0.7968472856326801,0.853530490832987,0.5777995864392972,reselect,5365.715892781329,,,,/home/baia/users/tom/catnap_gene-selection-study/runs_cv/aifi/f_statistic_0300hvg_logit_fold1,
f_statistic,aifi,f_statistic_0300hvg_logit_fold1,300,,1,2283.533012,"['AIFI_L1', 'AIFI_L2', 'AIFI_L3']",0,0.2,,ee386cc83f,1411792,409933,subject.subjectGuid,5,85,23,2000.0,"['root/B cell', 'root/B cell/Memory B cell', 'root/Monocyte/CD14 monocyte', 'root/Monocyte/CD16 monocyte', 'root/T cell', 'root/T cell/MAIT', 'root/T cell/Memory CD4 T cell', 'root/T cell/Memory CD8 T cell', 'root/T cell/Naive CD4 T cell', 'root/T cell/Treg', 'root/T cell/gdT']",0.905622910906615,0.9068870814844445,0.9062545553352707,0.8100963843712273,0.8018432280397041,0.9969995096759714,0.9666228153318355,0.9162662332081902,0.7793364593105142,0.7998323133662965,0.4468795214203133,fixed_global,3930.6543583399034,,,,/home/baia/users/tom/catnap_gene-selection-study/runs_cv/aifi/f_statistic_0300hvg_logit_fold1,
f_statistic,aifi,f_statistic_0300hvg_logit_fold2,300,,2,3278.264577,"['AIFI_L1', 'AIFI_L2', 'AIFI_L3']",0,0.2,,417a31d43e,1477679,344046,subject.subjectGuid,5,87,21,2000.0,"['root/B cell', 'root/B cell/Memory B cell', 'root/DC/cDC2', 'root/T cell', 'root/T cell/Memory CD4 T cell', 'root/T cell/Memory CD8 T cell', 'root/T cell/Treg', 'root/T cell/gdT']",0.9254134131226466,0.9264416643907079,0.9259272532859936,0.8639510563535207,0.8501537585090366,0.99595984257919,0.9557154682521328,0.9282118261001686,0.7906638838025398,0.8496750282322978,0.5803519431176013,reselect,5329.127452981134,,,,/home/baia/users/tom/catnap_gene-selection-study/runs_cv/aifi/f_statistic_0300hvg_logit_fold2,
f_statistic,aifi,f_statistic_0300hvg_logit_fold2,300,,2,2350.864086,"['AIFI_L1', 'AIFI_L2', 'AIFI_L3']",0,0.2,,417a31d43e,1477679,344046,subject.subjectGuid,5,87,21,2000.0,"['root/B cell', 'root/B cell/Memory B cell', 'root/Monocyte/CD14 monocyte', 'root/Monocyte/CD16 monocyte', 'root/T cell', 'root/T cell/MAIT', 'root/T cell/Memory CD4 T cell', 'root/T cell/Memory CD8 T cell', 'root/T cell/Naive CD8 T cell', 'root/T cell/Treg', 'root/T cell/gdT']",0.9038811799572138,0.9048881701880171,0.9043843947634306,0.8104720974439004,0.8013317986548311,0.9960935456305261,0.9585744470509895,0.9125660386179812,0.7984214249664828,0.7997267062091749,0.45065657156524047,fixed_global,3979.5626115510822,,,,/home/baia/users/tom/catnap_gene-selection-study/runs_cv/aifi/f_statistic_0300hvg_logit_fold2,
f_statistic,aifi,f_statistic_0300hvg_logit_fold3,300,,3,3451.87549,"['AIFI_L1', 'AIFI_L2', 'AIFI_L3']",0,0.2,,346bb3fd13,1481966,339759,subject.subjectGuid,5,87,21,2000.0,"['root/B cell', 'root/B cell/Memory B cell', 'root/DC/cDC2', 'root/NK cell/CD56dim NK cell', 'root/T cell', 'root/T cell/MAIT', 'root/T cell/Memory CD4 T cell', 'root/T cell/Memory CD8 T cell', 'root/T cell/Naive CD8 T cell', 'root/T cell/Treg', 'root/T cell/gdT']",0.9299708630563649,0.9316557624559637,0.9308125502815768,0.8703322569682058,0.8583701976989572,0.9970008152837747,0.9523601114754102,0.9331360158643245,0.8256548534511613,0.8573258079565309,0.5856947365535544,reselect,5613.5888901558355,,,,/home/baia/users/tom/catnap_gene-selection-study/runs_cv/aifi/f_statistic_0300hvg_logit_fold3,
f_statistic,aifi,f_statistic_0300hvg_logit_fold3,300,,3,2369.789958,"['AIFI_L1', 'AIFI_L2', 'AIFI_L3']",0,0.2,,346bb3fd13,1481966,339759,subject.subjectGuid,5,87,21,2000.0,"['root/B cell', 'root/B cell/Memory B cell', 'root/Monocyte/CD14 monocyte', 'root/Monocyte/CD16 monocyte', 'root/T cell', 'root/T cell/MAIT', 'root/T cell/Memory CD4 T cell', 'root/T cell/Memory CD8 T cell', 'root/T cell/Naive CD4 T cell', 'root/T cell/Treg', 'root/T cell/gdT']",0.9104975541051048,0.912242447193889,0.9113691654640373,0.8106398977884529,0.8137032425925436,0.9971744677845179,0.9573282904285634,0.919682578208479,0.8083131096714491,0.811352615039487,0.45645520175661325,fixed_global,3844.687533212069,,,,/home/baia/users/tom/catnap_gene-selection-study/runs_cv/aifi/f_statistic_0300hvg_logit_fold3,
f_statistic,aifi,f_statistic_0300hvg_logit_fold4,300,,4,3439.755009,"['AIFI_L1', 'AIFI_L2', 'AIFI_L3']",0,0.2,,58eefad63e,1470804,350921,subject.subjectGuid,5,87,21,2000.0,"['root/B cell', 'root/B cell/Memory B cell', 'root/NK cell/CD56dim NK cell', 'root/T cell', 'root/T cell/Memory CD4 T cell', 'root/T cell/Memory CD8 T cell', 'root/T cell/Naive CD8 T cell', 'root/T cell/Treg', 'root/T cell/gdT']",0.928046099533434,0.9293556049063862,0.9287003906061629,0.86836972572271,0.8564520219650577,0.9970420692976482,0.9651776424941647,0.9280047708200133,0.8212190317478173,0.8565268823564204,0.5844983124022409,reselect,5559.124167456524,,,,/home/baia/users/tom/catnap_gene-selection-study/runs_cv/aifi/f_statistic_0300hvg_logit_fold4,
f_statistic,aifi,f_statistic_0300hvg_logit_fold4,300,,4,2353.082785,"['AIFI_L1', 'AIFI_L2', 'AIFI_L3']",0,0.2,,58eefad63e,1470804,350921,subject.subjectGuid,5,87,21,2000.0,"['root/B cell', 'root/B cell/Memory B cell', 'root/Monocyte/CD16 monocyte', 'root/T cell', 'root/T cell/MAIT', 'root/T cell/Memory CD4 T cell', 'root/T cell/Memory CD8 T cell', 'root/T cell/Naive CD4 T cell', 'root/T cell/Naive CD8 T cell', 'root/T cell/Treg', 'root/T cell/gdT']",0.9089369976690785,0.9104002532527634,0.9096680370277148,0.8145656558771354,0.8119491281513503,0.9971987997298537,0.9671016749990548,0.9156246864024085,0.778584301478032,0.8105639901051257,0.4492017860807548,fixed_global,3733.8062644453603,,,,/home/baia/users/tom/catnap_gene-selection-study/runs_cv/aifi/f_statistic_0300hvg_logit_fold4,
f_statistic_ranked,aifi,f_statistic_0500hvg_logit_fold0,500,,0,5090.7203159332275,"['AIFI_L1', 'AIFI_L2', 'AIFI_L3']",0,0.2,,cc0da75450,1444659,377066,subject.subjectGuid,5,86,22,2000.0,"['root/B cell', 'root/B cell/Memory B cell', 'root/DC/cDC2', 'root/Monocyte', 'root/Monocyte/CD16 monocyte', 'root/NK cell/CD56dim NK cell', 'root/T cell', 'root/T cell/Memory CD4 T cell', 'root/T cell/Memory CD8 T cell', 'root/T cell/Treg', 'root/T cell/gdT']",0.9357311051419595,0.936954663715457,0.9363424847098638,0.8804586274524009,0.8677499429808044,0.997066826497218,0.9558476740684821,0.9406676948730858,0.8381943741081036,0.8672318399877049,0.6184264261597763,reselect,8447.281780049088,,3243.0,,,
f_statistic,aifi,f_statistic_0500hvg_logit_fold0,500,,0,7062.9372045993805,"['AIFI_L1', 'AIFI_L2', 'AIFI_L3']",0,0.2,,cc0da75450,1444659,377066,subject.subjectGuid,5,86,22,,,0.916872189827253,0.9178868956066377,0.9173792621275682,0.8373953058801895,0.8210260272737399,0.9971119114425592,0.9573080903890278,0.9309655920108043,0.8282954546406833,0.8193401692690455,0.492606767149264,fixed_global,7038.972495555121,2000.0,500.0,,,
f_statistic_ranked,aifi,f_statistic_0500hvg_logit_fold1,500,,1,4397.710813999176,"['AIFI_L1', 'AIFI_L2', 'AIFI_L3']",0,0.2,,ee386cc83f,1411792,409933,subject.subjectGuid,5,85,23,2000.0,"['root/B cell', 'root/B cell/Memory B cell', 'root/DC/cDC2', 'root/Monocyte/CD16 monocyte', 'root/T cell', 'root/T cell/Memory CD4 T cell', 'root/T cell/Memory CD8 T cell', 'root/T cell/Naive CD8 T cell', 'root/T cell/Treg', 'root/T cell/gdT']",0.9332521526636891,0.9342772205054543,0.9337644052599255,0.8779724556357759,0.8637533450588267,0.9970165856371651,0.9644264433016791,0.9365266050045056,0.8058720458083601,0.8636413190914323,0.5903016569098967,reselect,7841.150344820984,,3249.0,,,
f_statistic,aifi,f_statistic_0500hvg_logit_fold1,500,,1,7215.766486406326,"['AIFI_L1', 'AIFI_L2', 'AIFI_L3']",0,0.2,,ee386cc83f,1411792,409933,subject.subjectGuid,5,85,23,,,0.9154460603608773,0.9163948259489355,0.9159201974577643,0.8370475286338951,0.8196998046022155,0.997082450058912,0.9675136579292012,0.9278229014231135,0.7960168929714005,0.8178616077881439,0.48555040756032647,fixed_global,7191.39513778704,2000.0,500.0,,,
f_statistic_ranked,aifi,f_statistic_0500hvg_logit_fold2,500,,2,4543.623717546463,"['AIFI_L1', 'AIFI_L2', 'AIFI_L3']",0,0.2,,417a31d43e,1477679,344046,subject.subjectGuid,5,87,21,2000.0,"['root/B cell', 'root/B cell/Memory B cell', 'root/DC/cDC2', 'root/T cell', 'root/T cell/Memory CD4 T cell', 'root/T cell/Memory CD8 T cell', 'root/T cell/Treg', 'root/T cell/gdT']",0.9313493282658393,0.932168238879403,0.931758603640163,0.8739090985718448,0.8605302779279514,0.9962214355057173,0.9582384433494645,0.935281879861383,0.8297487444548978,0.8602574544886226,0.6015414844789245,reselect,7876.335699466814,,3244.0,,,
f_statistic,aifi,f_statistic_0500hvg_logit_fold2,500,,2,7069.555435419083,"['AIFI_L1', 'AIFI_L2', 'AIFI_L3']",0,0.2,,417a31d43e,1477679,344046,subject.subjectGuid,5,87,21,,,0.9151297815883999,0.9158373334538445,0.9154834208093161,0.8333326424666797,0.8211750754259605,0.996302819971748,0.9591278895640644,0.9261135850953166,0.7895886553419484,0.8199126936883309,0.48613535178903605,fixed_global,7041.811812007043,2000.0,500.0,,,
f_statistic_ranked,aifi,f_statistic_0500hvg_logit_fold3,500,,3,5063.126200437546,"['AIFI_L1', 'AIFI_L2', 'AIFI_L3']",0,0.2,,346bb3fd13,1481966,339759,subject.subjectGuid,5,87,21,2000.0,"['root/B cell', 'root/B cell/Memory B cell', 'root/DC/cDC2', 'root/Monocyte/CD16 monocyte', 'root/NK cell/CD56dim NK cell', 'root/T cell', 'root/T cell/Memory CD4 T cell', 'root/T cell/Memory CD8 T cell', 'root/T cell/Treg', 'root/T cell/gdT']",0.9361627181517587,0.9376013393991639,0.9368814765097997,0.8809615543850283,0.8694339222802046,0.9972657089289761,0.9547147527079013,0.9404218919726869,0.8397822312128428,0.8684636957603094,0.6089423454449439,reselect,8868.59290882782,,3228.0,,,
f_statistic,aifi,f_statistic_0500hvg_logit_fold3,500,,3,7141.304934978485,"['AIFI_L1', 'AIFI_L2', 'AIFI_L3']",0,0.2,,346bb3fd13,1481966,339759,subject.subjectGuid,5,87,21,,,0.9210015087519556,0.9222580436201647,0.9216293479013206,0.8371980533146617,0.832563670130887,0.997271595454425,0.9559659654157525,0.9318539698325874,0.8275470642862361,0.8307574406761031,0.48913347425754494,fixed_global,7117.88949540403,2000.0,500.0,,,
f_statistic_ranked,aifi,f_statistic_0500hvg_logit_fold4,500,,4,5082.743930101395,"['AIFI_L1', 'AIFI_L2', 'AIFI_L3']",0,0.2,,58eefad63e,1470804,350921,subject.subjectGuid,5,87,21,2000.0,"['root/B cell', 'root/B cell/Memory B cell', 'root/DC/cDC2', 'root/Monocyte', 'root/Monocyte/CD16 monocyte', 'root/NK cell/CD56dim NK cell', 'root/T cell', 'root/T cell/Memory CD4 T cell', 'root/T cell/Memory CD8 T cell', 'root/T cell/Treg', 'root/T cell/gdT']",0.9338586927707649,0.9349997442378722,0.9344288701637421,0.8791782735892762,0.8666765454333026,0.9972215968836291,0.9660374911771596,0.9350069239171882,0.8326878442586014,0.866914245132272,0.6081866092715428,reselect,8722.230801444966,,3253.0,,,
f_statistic,aifi,f_statistic_0500hvg_logit_fold4,500,,4,6578.06015753746,"['AIFI_L1', 'AIFI_L2', 'AIFI_L3']",0,0.2,,58eefad63e,1470804,350921,subject.subjectGuid,5,87,21,,,0.9192155841902034,0.9201790527921986,0.9196970661604265,0.8404034254765238,0.8301441065083024,0.9974210719791634,0.9700532080662371,0.9277022765066805,0.7956953000294603,0.8292555837142654,0.4843063124142056,fixed_global,6555.242556862941,2000.0,500.0,,,
f_statistic_ranked,aifi,f_statistic_10000hvg_logit_fold0,10000,,0,30089.579263448715,"['AIFI_L1', 'AIFI_L2', 'AIFI_L3']",0,0.2,,cc0da75450,1444659,377066,subject.subjectGuid,5,86,22,,,0.9323433867220668,0.9325574450033766,0.9324504035776321,0.8774842632449504,0.8554788816811911,0.9969952209957939,0.9623075093940767,0.9414459769747532,0.8421308909213545,0.8558719057190848,0.6050382239545475,reselect,47172.59423966508,2000.0,22283.0,,,quantity.train_parallel
f_statistic,aifi,f_statistic_10000hvg_logit_fold0,10000,,0,30089.579263448715,"['AIFI_L1', 'AIFI_L2', 'AIFI_L3']",0,0.2,,cc0da75450,1444659,377066,subject.subjectGuid,5,86,22,,,0.9352098021276214,0.9350730881784501,0.9351414401562772,0.8825826644259521,0.8612046697395151,0.9968520099929455,0.9614431462981687,0.9439180640091632,0.8166837126287669,0.8621710580724127,0.5992416336894529,fixed_global,45428.31501424697,2000.0,10000.0,,,quantity.train_parallel
f_statistic_ranked,aifi,f_statistic_1000hvg_logit_fold0,1000,,0,9221.314281463623,"['AIFI_L1', 'AIFI_L2', 'AIFI_L3']",0,0.2,,cc0da75450,1444659,377066,subject.subjectGuid,5,86,22,2000.0,"['root/B cell/Memory B cell', 'root/DC/cDC2', 'root/NK cell/CD56dim NK cell', 'root/T cell', 'root/T cell/Memory CD4 T cell', 'root/T cell/Memory CD8 T cell', 'root/T cell/Treg', 'root/T cell/gdT']",0.9407133749515018,0.9415536719870352,0.9411333359031341,0.8889463581669144,0.8759872277001904,0.9971331278874256,0.9599199518696528,0.9470368555080818,0.8478446277226788,0.8757783432349401,0.6294400155403859,reselect,14155.065200640936,,5390.0,,,
f_statistic,aifi,f_statistic_1000hvg_logit_fold0,1000,,0,12221.681047439575,"['AIFI_L1', 'AIFI_L2', 'AIFI_L3']",0,0.2,,cc0da75450,1444659,377066,subject.subjectGuid,5,86,22,,,0.9304230148772181,0.9310713770029856,0.9307470830272057,0.8654713101103447,0.8520391655572234,0.9972524703897991,0.9580690037791358,0.9400835362247807,0.8410276554970927,0.851226285400055,0.5575815716854754,fixed_global,12175.81371615798,2000.0,1000.0,,,
f_statistic_ranked,aifi,f_statistic_1000hvg_logit_fold1,1000,,1,8907.19707775116,"['AIFI_L1', 'AIFI_L2', 'AIFI_L3']",0,0.2,,ee386cc83f,1411792,409933,subject.subjectGuid,5,85,23,2000.0,"['root/B cell', 'root/B cell/Memory B cell', 'root/DC/cDC2', 'root/Monocyte/CD14 monocyte', 'root/NK cell/CD56dim NK cell', 'root/T cell', 'root/T cell/Memory CD4 T cell', 'root/T cell/Memory CD8 T cell', 'root/T cell/Treg', 'root/T cell/gdT']",0.9384827716079668,0.9390823340587011,0.9387824571042613,0.887091504590473,0.8721864304654663,0.9970653740977184,0.9687948648237155,0.9436526000731689,0.8176640460427639,0.8722024043771343,0.6005600731803926,reselect,14143.599723153864,,5448.0,,,
f_statistic,aifi,f_statistic_1000hvg_logit_fold1,1000,,1,12024.821477651596,"['AIFI_L1', 'AIFI_L2', 'AIFI_L3']",0,0.2,,ee386cc83f,1411792,409933,subject.subjectGuid,5,85,23,,,0.928590131274093,0.9291365589469412,0.9288632647479957,0.8646049095938674,0.8497193443806671,0.9973898173603979,0.9726690498537047,0.936554081261847,0.811170276946357,0.8487830271327179,0.5599306774411588,fixed_global,11996.44710476714,2000.0,1000.0,,,
f_statistic_ranked,aifi,f_statistic_1000hvg_logit_fold2,1000,,2,9521.367940664291,"['AIFI_L1', 'AIFI_L2', 'AIFI_L3']",0,0.2,,417a31d43e,1477679,344046,subject.subjectGuid,5,87,21,2000.0,"['root/B cell', 'root/B cell/Memory B cell', 'root/DC/cDC2', 'root/Monocyte/CD14 monocyte', 'root/NK cell/CD56dim NK cell', 'root/T cell', 'root/T cell/Memory CD4 T cell', 'root/T cell/Memory CD8 T cell', 'root/T cell/Treg', 'root/T cell/gdT']",0.9370845807978995,0.9375568580371476,0.9373206599272695,0.8853005567026314,0.8702266557378955,0.996253407974515,0.9639856360141165,0.9426758106414126,0.8144220525442246,0.8701030245405419,0.6073058082166817,reselect,14639.99516324891,,5376.0,,,
f_statistic,aifi,f_statistic_1000hvg_logit_fold2,1000,,2,13070.547926425934,"['AIFI_L1', 'AIFI_L2', 'AIFI_L3']",0,0.2,,417a31d43e,1477679,344046,subject.subjectGuid,5,87,21,,,0.9276449834987711,0.9281216167625844,0.927883238921669,0.8637910203387271,0.8482819157903304,0.9967388081826267,0.9655240790373752,0.9360829863393966,0.8060025151171915,0.8474679792877066,0.5592881754528843,fixed_global,13029.525867311982,2000.0,1000.0,,,
f_statistic_ranked,aifi,f_statistic_1000hvg_logit_fold3,1000,,3,9417.915952444077,"['AIFI_L1', 'AIFI_L2', 'AIFI_L3']",0,0.2,,346bb3fd13,1481966,339759,subject.subjectGuid,5,87,21,2000.0,"['root/B cell', 'root/B cell/Memory B cell', 'root/DC/cDC2', 'root/Monocyte/CD14 monocyte', 'root/NK cell/CD56dim NK cell', 'root/T cell', 'root/T cell/Memory CD4 T cell', 'root/T cell/Memory CD8 T cell', 'root/T cell/Treg', 'root/T cell/gdT']",0.9412721626925065,0.9422214692531156,0.9417465767410634,0.8877689042958827,0.8778722565112329,0.9971479784199977,0.9582150615039426,0.9469764688471215,0.8498139282944926,0.877402060721283,0.6269249548149259,reselect,14901.745583457989,,5410.0,,,
f_statistic,aifi,f_statistic_1000hvg_logit_fold3,1000,,3,12946.681309461594,"['AIFI_L1', 'AIFI_L2', 'AIFI_L3']",0,0.2,,346bb3fd13,1481966,339759,subject.subjectGuid,5,87,21,,,0.9315160971374348,0.9323274551914175,0.9319215995664786,0.8646362870806361,0.8555270059071283,0.9972863117680474,0.9610986364666646,0.9399721172260488,0.8402221291928325,0.854505314399638,0.5572229560806518,fixed_global,12910.285777222016,2000.0,1000.0,,,
f_statistic_ranked,aifi,f_statistic_1000hvg_logit_fold4,1000,,4,9262.158081293106,"['AIFI_L1', 'AIFI_L2', 'AIFI_L3']",0,0.2,,58eefad63e,1470804,350921,subject.subjectGuid,5,87,21,2000.0,"['root/B cell', 'root/B cell/Memory B cell', 'root/DC/cDC2', 'root/Monocyte/CD14 monocyte', 'root/Monocyte/CD16 monocyte', 'root/NK cell/CD56dim NK cell', 'root/T cell', 'root/T cell/Memory CD4 T cell', 'root/T cell/Memory CD8 T cell', 'root/T cell/Treg', 'root/T cell/gdT']",0.9390991724455926,0.9395976716960117,0.9393483559341332,0.8866252774042567,0.8750687476668538,0.9973099358545086,0.9641651658338495,0.9417871549848189,0.8452322145639943,0.8757724744090052,0.6186897380112822,reselect,14423.417465085047,,5412.0,,,
f_statistic,aifi,f_statistic_1000hvg_logit_fold4,1000,,4,12502.423498392105,"['AIFI_L1', 'AIFI_L2', 'AIFI_L3']",0,0.2,,58eefad63e,1470804,350921,subject.subjectGuid,5,87,21,,,0.9309491703946341,0.9315233095812354,0.9312361514937934,0.8684929798672903,0.8556170762080354,0.9975721031229251,0.9699949420211293,0.9371281607234505,0.8402996095308157,0.855296000948626,0.5651390981782196,fixed_global,12471.57482366392,2000.0,1000.0,,,
f_statistic,aifi,f_statistic_2000hvg_logit_fold0,2000,,0,14443.619661,"['AIFI_L1', 'AIFI_L2', 'AIFI_L3']",0,0.2,,cc0da75450,1444659,377066,subject.subjectGuid,5,86,22,2000.0,"['root/B cell/Memory B cell', 'root/DC/cDC2', 'root/Monocyte/CD14 monocyte', 'root/NK cell/CD56dim NK cell', 'root/T cell', 'root/T cell/Memory CD4 T cell', 'root/T cell/Memory CD8 T cell']",0.9418592875201762,0.9425097060778118,0.9421843845480755,0.8906363696443447,0.8767722361602478,0.9970005251070104,0.9562199745150937,0.9499339413569724,0.8536446093304756,0.8764037219943026,0.6204016482353113,reselect,23012.787149206968,,,,/home/baia/users/tom/catnap_gene-selection-study/runs/aifi/f_statistic_2000hvg_logit,
f_statistic,aifi,f_statistic_2000hvg_logit_fold0,2000,,0,11767.884323,"['AIFI_L1', 'AIFI_L2', 'AIFI_L3']",0,0.2,,cc0da75450,1444659,377066,subject.subjectGuid,5,86,22,2000.0,"['root/B cell/Memory B cell', 'root/DC/cDC2', 'root/Monocyte/CD14 monocyte', 'root/NK cell/CD56dim NK cell', 'root/T cell', 'root/T cell/Memory CD4 T cell', 'root/T cell/Memory CD8 T cell', 'root/T cell/Treg']",0.9386631695760286,0.9391438562253873,0.9389034513769061,0.8823204861962922,0.8679992362079848,0.9971649525547251,0.956001350012174,0.9487393950694565,0.8514716525217821,0.8676268295367008,0.6002268591446349,fixed_global,19837.52015001251,,,,/home/baia/users/tom/catnap_gene-selection-study/runs/aifi/f_statistic_2000hvg_logit,
f_statistic_ranked,aifi,f_statistic_2000hvg_logit_fold1,2000,,1,14440.060136079788,"['AIFI_L1', 'AIFI_L2', 'AIFI_L3']",0,0.2,,ee386cc83f,1411792,409933,subject.subjectGuid,5,85,23,2000.0,"['root/B cell/Memory B cell', 'root/DC/cDC2', 'root/Monocyte/CD14 monocyte', 'root/NK cell/CD56dim NK cell', 'root/T cell', 'root/T cell/Memory CD4 T cell', 'root/T cell/Memory CD8 T cell']",0.9397760769851027,0.9401294752475493,0.9399527428991434,0.8904414448840492,0.8730938958317579,0.9969190087160584,0.9678730749785763,0.9467526376915503,0.8234795379493804,0.8730787115265874,0.6025265347322679,reselect,22761.813010007958,,8599.0,,,
f_statistic,aifi,f_statistic_2000hvg_logit_fold1,2000,,1,19334.765624046326,"['AIFI_L1', 'AIFI_L2', 'AIFI_L3']",0,0.2,,ee386cc83f,1411792,409933,subject.subjectGuid,5,85,23,,,0.9367496707433351,0.9370136723415052,0.9368816529443288,0.8829589448402874,0.8647413113850312,0.9973629837070936,0.9744643799362422,0.945754022040191,0.823318469574163,0.8643192452465733,0.5897915005859619,fixed_global,19229.467072894913,2000.0,2000.0,,,
f_statistic_ranked,aifi,f_statistic_2000hvg_logit_fold2,2000,,2,15982.162211418152,"['AIFI_L1', 'AIFI_L2', 'AIFI_L3']",0,0.2,,417a31d43e,1477679,344046,subject.subjectGuid,5,87,21,2000.0,"['root/B cell/Memory B cell', 'root/DC/cDC2', 'root/Monocyte/CD14 monocyte', 'root/NK cell/CD56dim NK cell', 'root/T cell', 'root/T cell/MAIT', 'root/T cell/Memory CD4 T cell', 'root/T cell/Memory CD8 T cell']",0.9388860409436323,0.9392476171201883,0.9390667942267912,0.8877649291454278,0.8725897118408585,0.9961749300965569,0.9655341164878154,0.9460029628244424,0.849688000945226,0.8722517879933537,0.616373263422299,reselect,24330.03243113612,,8503.0,,,
f_statistic,aifi,f_statistic_2000hvg_logit_fold2,2000,,2,21179.85984325409,"['AIFI_L1', 'AIFI_L2', 'AIFI_L3']",0,0.2,,417a31d43e,1477679,344046,subject.subjectGuid,5,87,21,,,0.9360526499292376,0.9363386469604651,0.9361956266026482,0.8817291201316608,0.864390226888265,0.9965673194863478,0.9663451514439328,0.9452215303608945,0.8191704672951601,0.8639501660429393,0.5928256493697016,fixed_global,21015.515591343108,2000.0,2000.0,,,
f_statistic_ranked,aifi,f_statistic_2000hvg_logit_fold3,2000,,3,16153.386345624924,"['AIFI_L1', 'AIFI_L2', 'AIFI_L3']",0,0.2,,346bb3fd13,1481966,339759,subject.subjectGuid,5,87,21,2000.0,"['root/B cell/Memory B cell', 'root/DC/cDC2', 'root/Monocyte/CD14 monocyte', 'root/NK cell/CD56dim NK cell', 'root/T cell', 'root/T cell/Memory CD4 T cell', 'root/T cell/Memory CD8 T cell']",0.9423626015207572,0.9429918230876938,0.9426771073054584,0.8902823070754375,0.8786080721923482,0.9970596805382639,0.963567985650369,0.9494765319985911,0.8547117799402297,0.8781943016595682,0.6177216074073345,reselect,24570.774109185848,,8521.0,,,
f_statistic,aifi,f_statistic_2000hvg_logit_fold3,2000,,3,21478.484986305237,"['AIFI_L1', 'AIFI_L2', 'AIFI_L3']",0,0.2,,346bb3fd13,1481966,339759,subject.subjectGuid,5,87,21,,,0.9394780301324945,0.939975185238705,0.9397265419315821,0.8833223773324688,0.8705906245309175,0.9972863117680474,0.9626527793136458,0.9484458573462508,0.8520259676575811,0.8701376219803362,0.5923358590495654,fixed_global,21401.92441630998,2000.0,2000.0,,,
f_statistic_ranked,aifi,f_statistic_2000hvg_logit_fold4,2000,,4,15800.931980133057,"['AIFI_L1', 'AIFI_L2', 'AIFI_L3']",0,0.2,,58eefad63e,1470804,350921,subject.subjectGuid,5,87,21,2000.0,"['root/B cell/Memory B cell', 'root/DC/cDC2', 'root/Monocyte/CD14 monocyte', 'root/NK cell/CD56dim NK cell', 'root/T cell', 'root/T cell/Memory CD4 T cell', 'root/T cell/Memory CD8 T cell']",0.9404904565900762,0.9407654912225333,0.9406279538016376,0.8895178438270753,0.8760661231445254,0.9972443940374044,0.9671618333485146,0.9448931552252585,0.8497754907707564,0.8768665131516475,0.6206456370721568,reselect,24120.73703348491,,8543.0,,,
f_statistic,aifi,f_statistic_2000hvg_logit_fold4,2000,,4,21642.13795351982,"['AIFI_L1', 'AIFI_L2', 'AIFI_L3']",0,0.2,,58eefad63e,1470804,350921,subject.subjectGuid,5,87,21,,,0.9383748474278629,0.938624810470612,0.9384998123052486,0.885044491330164,0.8694065045979009,0.9974524180656045,0.9700200586639269,0.9453519010714583,0.8212821915091029,0.8696626345841099,0.5959629186556689,fixed_global,21499.34254369879,2000.0,2000.0,,,
f_statistic_ranked,aifi,f_statistic_5000hvg_logit_fold0,5000,,0,42706.11718940735,"['AIFI_L1', 'AIFI_L2', 'AIFI_L3']",0,0.2,,cc0da75450,1444659,377066,subject.subjectGuid,5,86,22,,,0.9374249620495145,0.9376317797928831,0.9375283595152563,0.882203306937266,0.8669490221870972,0.9961386070343123,0.9510572169277501,0.946376676478031,0.8176940813721799,0.8672564909585058,0.5998772509988624,reselect,42078.740455981984,2000.0,14654.0,,,
f_statistic,aifi,f_statistic_5000hvg_logit_fold0,5000,,0,38589.499724149704,"['AIFI_L1', 'AIFI_L2', 'AIFI_L3']",0,0.2,,cc0da75450,1444659,377066,subject.subjectGuid,5,86,22,,,0.9388912253768297,0.9390057424824421,0.9389484804379195,0.8838010330433714,0.8685216911628203,0.9965364153755576,0.949709018384756,0.9488009333621014,0.8201687264402252,0.8688210309437372,0.6111156493958054,fixed_global,38296.70155584096,2000.0,5000.0,,,
marker,aifi,marker_0000hvg_logit_fold0,140,,0,483.919611,"['AIFI_L1', 'AIFI_L2', 'AIFI_L3']",0,0.2,,cc0da75450,1444659,377066,subject.subjectGuid,5,86,22,2000.0,"['root/B cell/Memory B cell', 'root/DC/cDC2', 'root/T cell/gdT']",0.8913231009327998,0.8932999588349299,0.8923104349839799,0.826284083294002,0.7830751115189384,0.9961492152567455,0.9365260338052048,0.8936460961036955,0.7523797116441733,0.7808520595407187,0.48213327307982967,fixed_global,477.9787244889885,,,,/home/baia/users/tom/catnap_gene-selection-study/runs_cv/aifi/marker_0000hvg_logit_fold0,
marker,aifi,marker_0000hvg_logit_fold1,140,,1,482.943669,"['AIFI_L1', 'AIFI_L2', 'AIFI_L3']",0,0.2,,ee386cc83f,1411792,409933,subject.subjectGuid,5,85,23,2000.0,"['root/B cell/Memory B cell', 'root/T cell/gdT']",0.8922769726141736,0.8941139425155026,0.8931945130743602,0.8292349403923686,0.7854917754852623,0.9962481673834505,0.9506367887852512,0.8936939237534929,0.7549509152481737,0.7831505294529534,0.49381605370831155,fixed_global,474.0140694169677,,,,/home/baia/users/tom/catnap_gene-selection-study/runs_cv/aifi/marker_0000hvg_logit_fold1,
marker,aifi,marker_0000hvg_logit_fold2,140,,2,581.396517,"['AIFI_L1', 'AIFI_L2', 'AIFI_L3']",0,0.2,,417a31d43e,1477679,344046,subject.subjectGuid,5,87,21,2000.0,"['root/B cell/Memory B cell', 'root/DC/cDC2', 'root/T cell/gdT']",0.8886912315317312,0.8902941979750189,0.8894919925716821,0.8215915912961392,0.7796719043383734,0.9951925033280433,0.9436866539272332,0.8898528195702927,0.7471689687828111,0.7777401488905139,0.48910172397992885,fixed_global,575.6704650458414,,,,/home/baia/users/tom/catnap_gene-selection-study/runs_cv/aifi/marker_0000hvg_logit_fold2,
marker,aifi,marker_0000hvg_logit_fold3,140,,3,513.925143,"['AIFI_L1', 'AIFI_L2', 'AIFI_L3']",0,0.2,,346bb3fd13,1481966,339759,subject.subjectGuid,5,87,21,2000.0,"['root/B cell/Memory B cell', 'root/DC/cDC2', 'root/T cell/gdT']",0.8942368978145374,0.8962473902146129,0.895241015247426,0.8266857878123623,0.7899099067280042,0.996088403839192,0.9398828317111185,0.8954297892493488,0.7538341783009396,0.7877326317840787,0.48511175981454197,fixed_global,509.67026178495144,,,,/home/baia/users/tom/catnap_gene-selection-study/runs_cv/aifi/marker_0000hvg_logit_fold3,
marker,aifi,marker_0000hvg_logit_fold4,140,,4,578.627837,"['AIFI_L1', 'AIFI_L2', 'AIFI_L3']",0,0.2,,58eefad63e,1470804,350921,subject.subjectGuid,5,87,21,2000.0,"['root/B cell/Memory B cell', 'root/DC/cDC2', 'root/T cell/gdT']",0.8947091159837897,0.8966373553616911,0.8956721978759885,0.8295768354150639,0.7925060056251977,0.9961615292330752,0.9443878359786013,0.8933650240260559,0.7499628670457072,0.7910905346151349,0.5019465070572767,fixed_global,569.5192204179184,,,,/home/baia/users/tom/catnap_gene-selection-study/runs_cv/aifi/marker_0000hvg_logit_fold4,
