path,node,depth,branch,arity,size,smallest_child,largest_child,balance,accuracy_n90,accuracy_first,accuracy_best,accuracy_n_best,accuracy_gain,macro_f1_n90,macro_f1_first,macro_f1_best,macro_f1_n_best,macro_f1_gain
root,root,0,root,9,1821725,844,1150345,0.5058800208814518,90.80908650885722,0.946657598633777,0.9969819648468331,1000,0.05032436621305614,79.6247079627482,0.46124845899039907,0.9640713969960737,2000,0.5028229380056746
root/B cell,B cell,1,B cell,5,160632,2151,86711,0.7068441766824335,531.1855369684337,0.6105195203870719,0.9146414902386161,2000,0.30412196985154416,651.484971394746,0.42117436816609255,0.8872159405805113,2000,0.4660415724144188
root/B cell/Naive B cell,Naive B cell,2,B cell,2,86711,3909,82802,0.2651209872850029,145.8316884521753,0.9831528441689918,0.9887774036073278,300,0.005624559438335952,131.00935603627482,0.8903884007113186,0.9307855648564287,500,0.040397164145110076
root/B cell/Memory B cell,Memory B cell,2,B cell,5,47886,433,39718,0.4138255176823618,178.8863143510916,0.8344219943008355,0.8910545727001432,300,0.05663257839930769,176.72373214475041,0.24617505158706612,0.7208502884902891,2000,0.474675236903223
root/B cell/Effector B cell,Effector B cell,2,B cell,2,11329,4315,7014,0.9586618168133272,141.87924071303252,0.8616071162983049,0.9595028669160165,1000,0.09789575061771161,137.31970882305777,0.8457569596170028,0.9565486799120759,1000,0.11079172029507312
root/T cell,T cell,1,T cell,10,1150345,2320,378071,0.7315920652846277,262.74489330453855,0.7372908033798521,0.9432627139012567,2000,0.20597191052140462,193.7501308059308,0.55401733022796,0.9177646538640379,2000,0.363747323636078
root/T cell/Naive CD4 T cell,Naive CD4 T cell,2,T cell,3,378071,7139,341521,0.332654027311156,277.0425009990123,0.9301340100869062,0.9506601605013376,1000,0.0205261504144314,250.16584177861998,0.70107946253661,0.824072915829127,1000,0.12299345329251699
root/T cell/Memory CD4 T cell,Memory CD4 T cell,2,T cell,5,321788,4938,161769,0.7619101316446667,359.0624417013845,0.6517777012680528,0.8537570756913041,2000,0.2019793744232513,156.49111938182497,0.4777582577549859,0.8565865162463211,1000,0.37882825849133517
root/T cell/Treg,Treg,2,T cell,6,39087,467,17665,0.6115373259001111,161.46328071425964,0.8072192517289036,0.9024775681518463,500,0.09525831642294269,441.83485407338543,0.49828465806115085,0.7821606300266964,2000,0.2838759719655456
root/T cell/Naive CD8 T cell,Naive CD8 T cell,2,T cell,3,121167,780,115126,0.1977709773735094,213.07238236714758,0.9559873195196229,0.9675541543514228,500,0.011566834831799877,321.1133214864254,0.6455995100932016,0.8057879392413939,1000,0.1601884291481923
root/T cell/Memory CD8 T cell,Memory CD8 T cell,2,T cell,6,183096,1283,65156,0.7829597515002612,383.37242760180237,0.7542062010391479,0.8901487132430432,1000,0.1359425122038953,241.74721855318455,0.4890296416668652,0.8561375732811237,1000,0.36710793161425853
root/T cell/gdT,gdT,2,T cell,6,50587,1577,20049,0.824326159311728,154.44107220701963,0.7501406347158445,0.9148102908650699,1000,0.16466965614922546,145.80690636542423,0.7021284941937689,0.9194945875781295,2000,0.21736609338436064
root/T cell/MAIT,MAIT,2,T cell,3,46143,1080,42536,0.2930876707885372,182.72387481615257,0.9311986048835582,0.9547509526271536,300,0.02355234774359538,169.184779240305,0.4720456574084288,0.7539192917242417,300,0.28187363431581286
root/NK cell,NK cell,1,NK cell,3,147761,2825,133881,0.3267862198700677,229.9733562643897,0.9664464498138858,0.9909415252937277,500,0.024495075479841866,109.16447241805609,0.8161437969040592,0.955718517159052,300,0.13957472025499273
root/NK cell/CD56dim NK cell,CD56dim NK cell,2,NK cell,4,133881,3486,102908,0.551156263329028,187.15879445497328,0.8515119665937385,0.9419970972612063,1000,0.09048513066746777,156.809286745277,0.6050776735353637,0.8704678944319276,500,0.26539022089656394
root/Monocyte,Monocyte,1,Monocyte,3,327919,12671,269328,0.512165623761079,653.7593515188007,0.9482820507409662,0.9699475391136726,2000,0.021665488372706432,553.0778641395135,0.6463106391698851,0.8661251874024032,2000,0.21981454823251811
root/Monocyte/CD14 monocyte,CD14 monocyte,2,Monocyte,3,269328,9046,217576,0.5264586108441799,272.0109528049123,0.8952669601985509,0.9506962856945748,2000,0.05542932549602386,130.83811887203038,0.5812720034566367,0.8555633483964492,2000,0.27429134493981255
root/Monocyte/CD16 monocyte,CD16 monocyte,2,Monocyte,3,45920,3891,36364,0.5935375652800748,86.31690781274882,0.9112611653254408,0.9545901615148056,200,0.04332899618936481,84.9152575141304,0.8344749596799146,0.917108353429494,300,0.08263339374957945
root/DC,DC,1,DC,4,23287,522,14235,0.6356733598561906,205.02744730207246,0.9825934000954394,0.9979668340563927,2000,0.015373433960953364,161.6432389647934,0.8997569812102828,0.9889589964061448,1000,0.08920201519586202
root/DC/cDC2,cDC2,2,DC,3,14235,1236,7353,0.837605378372626,76.54211873642082,0.7271907151128962,0.8609273382038921,300,0.13373662309099588,53.00073147963267,0.7140695496706647,0.8493903447179069,200,0.13532079504724215
root/Progenitor cell/Progenitor cell,Progenitor cell,2,Progenitor cell,3,1526,78,1075,0.6764429559699967,115.56944724302879,0.9412834180366969,0.9936024214009807,500,0.052319003364283745,90.7847474026231,0.9328515510343174,0.987424424593069,200,0.05457287355875162
