path,node,depth,n_cells,n_routed,accuracy,macro_f1,agree,n_hvg,fold
root,root,0,377066,377066,0.9505736396280756,0.4690347484219326,1.0,10,0
root/B cell,B cell,1,31939,30941,0.6061241742070822,0.4380329511840407,1.0,10,0
root/B cell/Naive B cell,Naive B cell,2,16339,13373,0.984148356692576,0.9196877917254684,1.0,10,0
root/B cell/Memory B cell,Memory B cell,2,10107,4669,0.8419906995151875,0.2450318388564002,1.0,10,0
root/B cell/Effector B cell,Effector B cell,2,2433,91,0.8660090423345663,0.8572398971900042,1.0,10,0
root/T cell,T cell,1,232484,225083,0.7284759381290755,0.550596047959538,1.0,10,0
root/T cell/Naive CD4 T cell,Naive CD4 T cell,2,76618,64576,0.9358636351771124,0.6915880445260334,1.0,10,0
root/T cell/Memory CD4 T cell,Memory CD4 T cell,2,71152,36494,0.6408674387227344,0.4726789057027529,1.0,10,0
root/T cell/Treg,Treg,2,7933,22,0.8058741963948065,0.5430530247367186,1.0,10,0
root/T cell/Naive CD8 T cell,Naive CD8 T cell,2,19496,16956,0.95927369716865,0.6386805272875721,1.0,10,0
root/T cell/Memory CD8 T cell,Memory CD8 T cell,2,39285,32941,0.763166603029146,0.4934661772628479,1.0,10,0
root/T cell/gdT,gdT,2,7699,5635,0.731653461488505,0.6780727483041707,1.0,10,0
root/T cell/MAIT,MAIT,2,8281,6189,0.8815360463712112,0.4390766229641663,1.0,10,0
root/NK cell,NK cell,1,33878,29605,0.9715449554283015,0.8119812267926276,1.0,10,0
root/NK cell/CD56dim NK cell,CD56dim NK cell,2,31144,26771,0.8467762650911893,0.6162512262818042,1.0,10,0
root/Monocyte,Monocyte,1,71915,71070,0.9472710839185148,0.644994058570249,1.0,10,0
root/Monocyte/CD14 monocyte,CD14 monocyte,2,60177,59218,0.9049803080911312,0.5738852384999609,1.0,10,0
root/Monocyte/CD16 monocyte,CD16 monocyte,2,8837,8057,0.9107163064388368,0.8407153963504078,1.0,10,0
root/DC,DC,1,4802,1730,0.983548521449396,0.9010566330788584,1.0,10,0
root/DC/cDC2,cDC2,2,3066,1232,0.735812133072407,0.7450097915821319,1.0,10,0
root/Progenitor cell/Progenitor cell,Progenitor cell,2,372,0,0.956989247311828,0.957345829203088,,10,0
root,root,0,377066,377066,0.9719359475529484,0.7780741993911165,1.0,25,0
root/B cell,B cell,1,31939,31620,0.6927893797551583,0.5678565604303214,1.0,25,0
root/B cell/Naive B cell,Naive B cell,2,16339,14382,0.9865352836770916,0.9338713285560594,1.0,25,0
root/B cell/Memory B cell,Memory B cell,2,10107,6178,0.8554467200949837,0.4221693746266677,1.0,25,0
root/B cell/Effector B cell,Effector B cell,2,2433,219,0.8882038635429511,0.8821600430777823,1.0,25,0
root/T cell,T cell,1,232484,227419,0.8348746580409835,0.6816109662091725,1.0,25,0
root/T cell/Naive CD4 T cell,Naive CD4 T cell,2,76618,70850,0.9426244485630008,0.7355019858582329,1.0,25,0
root/T cell/Memory CD4 T cell,Memory CD4 T cell,2,71152,53559,0.6978159433325838,0.6553749216591878,1.0,25,0
root/T cell/Treg,Treg,2,7933,101,0.838774738434388,0.6412192132906466,1.0,25,0
root/T cell/Naive CD8 T cell,Naive CD8 T cell,2,19496,18165,0.9651723430447272,0.7280806934410968,1.0,25,0
root/T cell/Memory CD8 T cell,Memory CD8 T cell,2,39285,34054,0.7929489627084129,0.5450311346070893,1.0,25,0
root/T cell/gdT,gdT,2,7699,5662,0.7997142486037148,0.7624356407270398,1.0,25,0
root/T cell/MAIT,MAIT,2,8281,6513,0.8901098901098901,0.491686620390544,1.0,25,0
root/NK cell,NK cell,1,33878,29854,0.9796328000472284,0.9112832043605016,1.0,25,0
root/NK cell/CD56dim NK cell,CD56dim NK cell,2,31144,27089,0.8757706139224248,0.6748292102294089,1.0,25,0
root/Monocyte,Monocyte,1,71915,71618,0.9505666411736078,0.6840560505574782,1.0,25,0
root/Monocyte/CD14 monocyte,CD14 monocyte,2,60177,59454,0.9222958937800156,0.7060696310521865,1.0,25,0
root/Monocyte/CD16 monocyte,CD16 monocyte,2,8837,8414,0.9354984723322396,0.8895729424179932,1.0,25,0
root/DC,DC,1,4802,4401,0.9927113702623906,0.9567992681149452,1.0,25,0
root/DC/cDC2,cDC2,2,3066,2694,0.8134377038486628,0.824770076613695,1.0,25,0
root/Progenitor cell/Progenitor cell,Progenitor cell,2,372,148,0.956989247311828,0.9561850103366348,1.0,25,0
root,root,0,377066,377066,0.990102528469817,0.8740458670584715,1.0,50,0
root/B cell,B cell,1,31939,31765,0.7366542471586461,0.6088026335563322,1.0,50,0
root/B cell/Naive B cell,Naive B cell,2,16339,14396,0.9872697227492504,0.9378118636649097,1.0,50,0
root/B cell/Memory B cell,Memory B cell,2,10107,7439,0.8622736717126744,0.4717454699248553,1.0,50,0
root/B cell/Effector B cell,Effector B cell,2,2433,308,0.9149198520345252,0.9108801459522062,1.0,50,0
root/T cell,T cell,1,232484,231501,0.8780002064658213,0.7899050056511989,1.0,50,0
root/T cell/Naive CD4 T cell,Naive CD4 T cell,2,76618,70907,0.946057062309118,0.7545731434042372,1.0,50,0
root/T cell/Memory CD4 T cell,Memory CD4 T cell,2,71152,61467,0.7627192489318642,0.7748672780210304,1.0,50,0
root/T cell/Treg,Treg,2,7933,1423,0.8591957645279213,0.6837379070791215,1.0,50,0
root/T cell/Naive CD8 T cell,Naive CD8 T cell,2,19496,18377,0.9677369716864996,0.7517439356482707,1.0,50,0
root/T cell/Memory CD8 T cell,Memory CD8 T cell,2,39285,35721,0.8051673666793941,0.5804332165029772,1.0,50,0
root/T cell/gdT,gdT,2,7699,6473,0.8501104039485647,0.8329205345876464,1.0,50,0
root/T cell/MAIT,MAIT,2,8281,7615,0.8899891317473735,0.5004400322396366,1.0,50,0
root/NK cell,NK cell,1,33878,32125,0.9847098411948756,0.9353336625148936,1.0,50,0
root/NK cell/CD56dim NK cell,CD56dim NK cell,2,31144,29274,0.8954212689442589,0.7692629999775543,1.0,50,0
root/Monocyte,Monocyte,1,71915,71685,0.9533477021483696,0.7142555203232299,1.0,50,0
root/Monocyte/CD14 monocyte,CD14 monocyte,2,60177,59496,0.9330641274905694,0.7393663499567941,1.0,50,0
root/Monocyte/CD16 monocyte,CD16 monocyte,2,8837,8468,0.9412696616498812,0.9003028914327413,1.0,50,0
root/DC,DC,1,4802,4456,0.9964598084131612,0.9791767446040736,1.0,50,0
root/DC/cDC2,cDC2,2,3066,2750,0.8460534898891063,0.8541445470113671,1.0,50,0
root/Progenitor cell/Progenitor cell,Progenitor cell,2,372,315,0.978494623655914,0.970952653216804,1.0,50,0
root,root,0,377066,377066,0.992781104634202,0.9204794226452364,1.0,100,0
root/B cell,B cell,1,31939,31859,0.8370644040201635,0.7240593271048953,1.0,100,0
root/B cell/Naive B cell,Naive B cell,2,16339,15084,0.9884937878695148,0.9440895373515203,1.0,100,0
root/B cell/Memory B cell,Memory B cell,2,10107,9264,0.8788958147818343,0.5960350848696497,1.0,100,0
root/B cell/Effector B cell,Effector B cell,2,2433,637,0.9457459926017264,0.9436148995041926,1.0,100,0
root/T cell,T cell,1,232484,231650,0.901085666110356,0.8505148440163568,1.0,100,0
root/T cell/Naive CD4 T cell,Naive CD4 T cell,2,76618,71872,0.9483411208854317,0.7704267938903397,1.0,100,0
root/T cell/Memory CD4 T cell,Memory CD4 T cell,2,71152,63034,0.7893804812232966,0.801362545384707,1.0,100,0
root/T cell/Treg,Treg,2,7933,3827,0.8831463506870036,0.7169980578856675,1.0,100,0
root/T cell/Naive CD8 T cell,Naive CD8 T cell,2,19496,18489,0.9699938448912596,0.7839807651478985,1.0,100,0
root/T cell/Memory CD8 T cell,Memory CD8 T cell,2,39285,35902,0.8388188876161384,0.707399582269046,1.0,100,0
root/T cell/gdT,gdT,2,7699,6438,0.882582153526432,0.8791638404475012,1.0,100,0
root/T cell/MAIT,MAIT,2,8281,7728,0.9089481946624804,0.6456254470155535,1.0,100,0
root/NK cell,NK cell,1,33878,32732,0.9862152429305152,0.940546910789946,1.0,100,0
root/NK cell/CD56dim NK cell,CD56dim NK cell,2,31144,29871,0.9168379142049832,0.8296555214820568,1.0,100,0
root/Monocyte,Monocyte,1,71915,71714,0.960912187999722,0.7969206065561772,1.0,100,0
root/Monocyte/CD14 monocyte,CD14 monocyte,2,60177,59370,0.9404423616996528,0.7712152035435271,1.0,100,0
root/Monocyte/CD16 monocyte,CD16 monocyte,2,8837,8553,0.9553015729319904,0.9251869121350028,1.0,100,0
root/DC,DC,1,4802,4484,0.9960433152852978,0.9782121868076032,1.0,100,0
root/DC/cDC2,cDC2,2,3066,2767,0.8610567514677103,0.8629221036474631,1.0,100,0
root/Progenitor cell/Progenitor cell,Progenitor cell,2,372,353,0.989247311827957,0.9891457224974012,1.0,100,0
root,root,0,377066,377066,0.9963719879278428,0.9447228130569164,1.0,200,0
root/B cell,B cell,1,31939,31915,0.8581045117254766,0.7768258133831303,1.0,200,0
root/B cell/Naive B cell,Naive B cell,2,16339,15185,0.9887386008935676,0.9454525687574552,1.0,200,0
root/B cell/Memory B cell,Memory B cell,2,10107,9271,0.8922528940338379,0.685476039380016,1.0,200,0
root/B cell/Effector B cell,Effector B cell,2,2433,1007,0.9580764488286068,0.9565152634463694,1.0,200,0
root/T cell,T cell,1,232484,232165,0.9204590423426988,0.889476943810996,1.0,200,0
root/T cell/Naive CD4 T cell,Naive CD4 T cell,2,76618,72371,0.9506773865149182,0.785878391134403,1.0,200,0
root/T cell/Memory CD4 T cell,Memory CD4 T cell,2,71152,64675,0.8143411288509107,0.8280512857872608,1.0,200,0
root/T cell/Treg,Treg,2,7933,5708,0.8963822009328123,0.7454152419407291,1.0,200,0
root/T cell/Naive CD8 T cell,Naive CD8 T cell,2,19496,18640,0.971276159212146,0.7925111732994669,1.0,200,0
root/T cell/Memory CD8 T cell,Memory CD8 T cell,2,39285,36265,0.8753977345042637,0.8155713820097402,1.0,200,0
root/T cell/gdT,gdT,2,7699,6606,0.8989479153136771,0.8951685199860459,1.0,200,0
root/T cell/MAIT,MAIT,2,8281,7852,0.9229561647144064,0.7410237143058206,1.0,200,0
root/NK cell,NK cell,1,33878,33405,0.988871834228703,0.9487082595142836,1.0,200,0
root/NK cell/CD56dim NK cell,CD56dim NK cell,2,31144,30531,0.9328602620087336,0.8652632052109736,1.0,200,0
root/Monocyte,Monocyte,1,71915,71702,0.9636237224501149,0.8178168907179244,1.0,200,0
root/Monocyte/CD14 monocyte,CD14 monocyte,2,60177,59352,0.9457600079764694,0.7843419335833511,1.0,200,0
root/Monocyte/CD16 monocyte,CD16 monocyte,2,8837,8559,0.957112142129682,0.9270620366350648,1.0,200,0
root/DC,DC,1,4802,4547,0.9977092877967514,0.9868700728741104,1.0,200,0
root/DC/cDC2,cDC2,2,3066,2814,0.8597521200260926,0.8635799919281335,1.0,200,0
root/Progenitor cell/Progenitor cell,Progenitor cell,2,372,368,0.9946236559139784,0.9865724782140428,1.0,200,0
root,root,0,377066,377066,0.996785708602738,0.950982529343232,1.0,300,0
root/B cell,B cell,1,31939,31921,0.8679357525282569,0.7964155948038414,1.0,300,0
root/B cell/Naive B cell,Naive B cell,2,16339,15261,0.9894730399657262,0.9488478745981996,1.0,300,0
root/B cell/Memory B cell,Memory B cell,2,10107,9274,0.8942317205896904,0.6909384262779892,1.0,300,0
root/B cell/Effector B cell,Effector B cell,2,2433,1196,0.96013152486642,0.9586932272757268,1.0,300,0
root/T cell,T cell,1,232484,232211,0.9273584418712686,0.8995053396874315,1.0,300,0
root/T cell/Naive CD4 T cell,Naive CD4 T cell,2,76618,72577,0.9521913910569318,0.7981139461081078,1.0,300,0
root/T cell/Memory CD4 T cell,Memory CD4 T cell,2,71152,65441,0.8274539015066337,0.839326040502282,1.0,300,0
root/T cell/Treg,Treg,2,7933,6147,0.8994075381318543,0.7483336191419329,1.0,300,0
root/T cell/Naive CD8 T cell,Naive CD8 T cell,2,19496,18704,0.9721481329503489,0.7944892629501124,1.0,300,0
root/T cell/Memory CD8 T cell,Memory CD8 T cell,2,39285,36352,0.8829578719613084,0.8261310811513191,1.0,300,0
root/T cell/gdT,gdT,2,7699,6613,0.9098584231718404,0.9111366143983448,1.0,300,0
root/T cell/MAIT,MAIT,2,8281,7882,0.9263373988648714,0.7618893901574753,1.0,300,0
root/NK cell,NK cell,1,33878,33506,0.991144695672708,0.9541651486720112,1.0,300,0
root/NK cell/CD56dim NK cell,CD56dim NK cell,2,31144,30675,0.9372591831492424,0.8768335086318018,1.0,300,0
root/Monocyte,Monocyte,1,71915,71647,0.9644858513522908,0.8305519757109474,1.0,300,0
root/Monocyte/CD14 monocyte,CD14 monocyte,2,60177,59179,0.9484354487594928,0.7951082381337525,1.0,300,0
root/Monocyte/CD16 monocyte,CD16 monocyte,2,8837,8576,0.9569989815548264,0.9262783744975016,1.0,300,0
root/DC,DC,1,4802,4602,0.9970845481049564,0.9832210162576872,1.0,300,0
root/DC/cDC2,cDC2,2,3066,2864,0.8646444879321592,0.865352518965846,1.0,300,0
root/Progenitor cell/Progenitor cell,Progenitor cell,2,372,366,0.9919354838709676,0.9764606963482,1.0,300,0
root,root,0,377066,377066,0.997066826497218,0.955847674068482,1.0,500,0
root/B cell,B cell,1,31939,31928,0.8860327499295532,0.83328977620335,1.0,500,0
root/B cell/Naive B cell,Naive B cell,2,16339,15293,0.9895342432217394,0.9497047243935028,1.0,500,0
root/B cell/Memory B cell,Memory B cell,2,10107,9360,0.8978925497180172,0.7058816197864617,1.0,500,0
root/B cell/Effector B cell,Effector B cell,2,2433,1512,0.9597205096588574,0.9584155369769896,1.0,500,0
root/T cell,T cell,1,232484,232244,0.935518143184047,0.912056575913596,1.0,500,0
root/T cell/Naive CD4 T cell,Naive CD4 T cell,2,76618,72953,0.9528961862747656,0.8030896388206837,1.0,500,0
root/T cell/Memory CD4 T cell,Memory CD4 T cell,2,71152,65952,0.8396953002023836,0.8506309019993136,1.0,500,0
root/T cell/Treg,Treg,2,7933,6671,0.9057103239631916,0.7615097995222664,1.0,500,0
root/T cell/Naive CD8 T cell,Naive CD8 T cell,2,19496,18812,0.9728662289700452,0.8105734662041882,1.0,500,0
root/T cell/Memory CD8 T cell,Memory CD8 T cell,2,39285,36627,0.8910780196003564,0.8431978444507475,1.0,500,0
root/T cell/gdT,gdT,2,7699,6657,0.9101181971684634,0.9088061945968964,1.0,500,0
root/T cell/MAIT,MAIT,2,8281,7939,0.9254920903272552,0.7608026227482204,1.0,500,0
root/NK cell,NK cell,1,33878,33532,0.9923844382785288,0.9561100852538704,1.0,500,0
root/NK cell/CD56dim NK cell,CD56dim NK cell,2,31144,30715,0.9394746981762138,0.8820816459424089,1.0,500,0
root/Monocyte,Monocyte,1,71915,71666,0.9663630675102552,0.8416493938687338,1.0,500,0
root/Monocyte/CD14 monocyte,CD14 monocyte,2,60177,59220,0.9507785366502152,0.7999545375717515,1.0,500,0
root/Monocyte/CD16 monocyte,CD16 monocyte,2,8837,8591,0.958696390177662,0.9287257718958808,1.0,500,0
root/DC,DC,1,4802,4613,0.9979175343606832,0.9877821408634816,1.0,500,0
root/DC/cDC2,cDC2,2,3066,2876,0.8574690150032616,0.8539509971079949,1.0,500,0
root/Progenitor cell/Progenitor cell,Progenitor cell,2,372,366,0.9919354838709676,0.9764398174265346,1.0,500,0
root,root,0,377066,377066,0.9969952209957939,0.9623075093940767,1.0,10000,0
root/B cell,B cell,1,31939,31939,0.9002160368201885,0.8719192139206292,1.0,10000,0
root/B cell/Naive B cell,Naive B cell,2,16339,15241,0.9859232511169594,0.9322449675169902,1.0,10000,0
root/B cell/Memory B cell,Memory B cell,2,10107,9134,0.8990798456515287,0.706421547017392,1.0,10000,0
root/B cell/Effector B cell,Effector B cell,2,2433,1868,0.9593094944512947,0.9579848819045974,1.0,10000,0
root/T cell,T cell,1,232484,232200,0.9364558421224687,0.9077295258110928,1.0,10000,0
root/T cell/Naive CD4 T cell,Naive CD4 T cell,2,76618,73311,0.9431204155681433,0.7818216762916427,1.0,10000,0
root/T cell/Memory CD4 T cell,Memory CD4 T cell,2,71152,66233,0.8421688778952102,0.8513441678181847,1.0,10000,0
root/T cell/Treg,Treg,2,7933,7018,0.8949955880499181,0.7619238462986458,1.0,10000,0
root/T cell/Naive CD8 T cell,Naive CD8 T cell,2,19496,18740,0.9535802215839146,0.7341949028108338,1.0,10000,0
root/T cell/Memory CD8 T cell,Memory CD8 T cell,2,39285,36301,0.8515463917525773,0.7906673642711525,1.0,10000,0
root/T cell/gdT,gdT,2,7699,6407,0.8924535653981036,0.9068870745765102,1.0,10000,0
root/T cell/MAIT,MAIT,2,8281,7790,0.9164352131385098,0.7339685416215005,1.0,10000,0
root/NK cell,NK cell,1,33878,33572,0.9916169785701635,0.946157631854787,1.0,10000,0
root/NK cell/CD56dim NK cell,CD56dim NK cell,2,31144,30776,0.9157462111482148,0.8386931313299284,1.0,10000,0
root/Monocyte,Monocyte,1,71915,71697,0.9622749078773553,0.8417566947115276,1.0,10000,0
root/Monocyte/CD14 monocyte,CD14 monocyte,2,60177,58750,0.9296076574106387,0.7631620157076714,1.0,10000,0
root/Monocyte/CD16 monocyte,CD16 monocyte,2,8837,8570,0.9215797216249858,0.8581856343184496,1.0,10000,0
root/DC,DC,1,4802,4536,0.9977092877967514,0.9861426053793354,1.0,10000,0
root/DC/cDC2,cDC2,2,3066,2799,0.8431180691454664,0.8437900794653416,1.0,10000,0
root/Progenitor cell/Progenitor cell,Progenitor cell,2,372,369,0.989247311827957,0.9651670885776061,1.0,10000,0
root,root,0,377066,377066,0.9971331278874256,0.9599199518696528,1.0,1000,0
root/B cell,B cell,1,31939,31932,0.9018754500767088,0.8639670966806262,1.0,1000,0
root/B cell/Naive B cell,Naive B cell,2,16339,15364,0.9886773976375544,0.947080138781109,1.0,1000,0
root/B cell/Memory B cell,Memory B cell,2,10107,9379,0.8962105471455427,0.6966307994313066,1.0,1000,0
root/B cell/Effector B cell,Effector B cell,2,2433,1775,0.9642416769420468,0.9630212477889636,1.0,1000,0
root/T cell,T cell,1,232484,232240,0.9428218716126702,0.9202980997835076,1.0,1000,0
root/T cell/Naive CD4 T cell,Naive CD4 T cell,2,76618,73281,0.9534182568064946,0.8052807238211684,1.0,1000,0
root/T cell/Memory CD4 T cell,Memory CD4 T cell,2,71152,66722,0.8467084551382955,0.8556243575972349,1.0,1000,0
root/T cell/Treg,Treg,2,7933,6997,0.8943653094667843,0.7534656790042331,1.0,1000,0
root/T cell/Naive CD8 T cell,Naive CD8 T cell,2,19496,18942,0.9731739844070578,0.8168295234144646,1.0,1000,0
root/T cell/Memory CD8 T cell,Memory CD8 T cell,2,39285,36679,0.9008527427771414,0.8580780128724158,1.0,1000,0
root/T cell/gdT,gdT,2,7699,6663,0.9146642421093648,0.9138685938727814,1.0,1000,0
root/T cell/MAIT,MAIT,2,8281,8005,0.9227146479893732,0.7617118963785942,1.0,1000,0
root/NK cell,NK cell,1,33878,33560,0.991115177991617,0.9488918823091548,1.0,1000,0
root/NK cell/CD56dim NK cell,CD56dim NK cell,2,31144,30726,0.9390251733881324,0.8814815885107359,1.0,1000,0
root/Monocyte,Monocyte,1,71915,71685,0.9694917611068624,0.863907168608255,1.0,1000,0
root/Monocyte/CD14 monocyte,CD14 monocyte,2,60177,59161,0.9517755953271184,0.801927311137463,1.0,1000,0
root/Monocyte/CD16 monocyte,CD16 monocyte,2,8837,8640,0.954735770057712,0.921350137205332,1.0,1000,0
root/DC,DC,1,4802,4584,0.9975010412328196,0.9857706064197092,1.0,1000,0
root/DC/cDC2,cDC2,2,3066,2846,0.8662752772341813,0.8678325017815008,1.0,1000,0
root/Progenitor cell/Progenitor cell,Progenitor cell,2,372,368,0.9919354838709676,0.9764606963482,1.0,1000,0
root,root,0,377066,377066,0.9970005251070104,0.9562199745150936,1.0,2000,0
root/B cell,B cell,1,31939,31934,0.9140236075018005,0.8855300445020671,1.0,2000,0
root/B cell/Naive B cell,Naive B cell,2,16339,15441,0.985800844604933,0.9333991052618856,1.0,2000,0
root/B cell/Memory B cell,Memory B cell,2,10107,9385,0.8888888888888888,0.6991442643517443,1.0,2000,0
root/B cell/Effector B cell,Effector B cell,2,2433,1887,0.9621866009042336,0.9609140792852092,1.0,2000,0
root/T cell,T cell,1,232484,232217,0.945639269799212,0.921740723104357,1.0,2000,0
root/T cell/Naive CD4 T cell,Naive CD4 T cell,2,76618,73545,0.9535487744394268,0.8044440990708205,1.0,2000,0
root/T cell/Memory CD4 T cell,Memory CD4 T cell,2,71152,66842,0.8492241960872499,0.8550709931605663,1.0,2000,0
root/T cell/Treg,Treg,2,7933,7159,0.8983990923988403,0.7910787150736122,1.0,2000,0
root/T cell/Naive CD8 T cell,Naive CD8 T cell,2,19496,18972,0.970711940910956,0.8112402613328161,1.0,2000,0
root/T cell/Memory CD8 T cell,Memory CD8 T cell,2,39285,36755,0.8994781723304061,0.850415837688446,1.0,2000,0
root/T cell/gdT,gdT,2,7699,6660,0.911417067151578,0.9128428788132558,1.0,2000,0
root/T cell/MAIT,MAIT,2,8281,7986,0.9101557782876464,0.733544021931252,1.0,2000,0
root/NK cell,NK cell,1,33878,33579,0.9921482968298012,0.9538372063739264,1.0,2000,0
root/NK cell/CD56dim NK cell,CD56dim NK cell,2,31144,30772,0.9297778063190342,0.8596566167475026,1.0,2000,0
root/Monocyte,Monocyte,1,71915,71658,0.9704095112285336,0.870400328918716,1.0,2000,0
root/Monocyte/CD14 monocyte,CD14 monocyte,2,60177,59153,0.9523904481778752,0.8079094649488671,1.0,2000,0
root/Monocyte/CD16 monocyte,CD16 monocyte,2,8837,8597,0.937761683829354,0.8925563538886875,1.0,2000,0
root/DC,DC,1,4802,4571,0.9979175343606832,0.9876297615415696,1.0,2000,0
root/DC/cDC2,cDC2,2,3066,2836,0.8140900195694716,0.8204828812169375,1.0,2000,0
root/Progenitor cell/Progenitor cell,Progenitor cell,2,372,370,0.9919354838709676,0.9764606963482,1.0,2000,0
root,root,0,377066,377066,0.9961386070343125,0.95105721692775,1.0,5000,0
root/B cell,B cell,1,31939,31938,0.8990575785090329,0.869570071973048,1.0,5000,0
root/B cell/Naive B cell,Naive B cell,2,16339,15217,0.9842095599485892,0.9268288186831116,1.0,5000,0
root/B cell/Memory B cell,Memory B cell,2,10107,9106,0.8929454833283863,0.7089847355917529,1.0,5000,0
root/B cell/Effector B cell,Effector B cell,2,2433,1848,0.9597205096588574,0.958313402148372,1.0,5000,0
root/T cell,T cell,1,232484,232098,0.943901515803238,0.9176815137677612,1.0,5000,0
root/T cell/Naive CD4 T cell,Naive CD4 T cell,2,76618,73510,0.9511733535200606,0.7981120843291869,1.0,5000,0
root/T cell/Memory CD4 T cell,Memory CD4 T cell,2,71152,66788,0.8489993253879019,0.855346951981643,1.0,5000,0
root/T cell/Treg,Treg,2,7933,7126,0.8852892978696584,0.7647488852236641,1.0,5000,0
root/T cell/Naive CD8 T cell,Naive CD8 T cell,2,19496,18926,0.9568629462453836,0.7679875077110001,1.0,5000,0
root/T cell/Memory CD8 T cell,Memory CD8 T cell,2,39285,36635,0.8778923253150057,0.8108021681482387,1.0,5000,0
root/T cell/gdT,gdT,2,7699,6544,0.884530458501104,0.8972706632443374,1.0,5000,0
root/T cell/MAIT,MAIT,2,8281,7891,0.9238014732520228,0.7563252276268972,1.0,5000,0
root/NK cell,NK cell,1,33878,33532,0.992266367554165,0.9548658471705026,1.0,5000,0
root/NK cell/CD56dim NK cell,CD56dim NK cell,2,31144,30749,0.9068841510403288,0.8279108355985181,1.0,5000,0
root/Monocyte,Monocyte,1,71915,71572,0.9680873253146076,0.8645634241798706,1.0,5000,0
root/Monocyte/CD14 monocyte,CD14 monocyte,2,60177,58912,0.9436994200442028,0.7869478998825259,1.0,5000,0
root/Monocyte/CD16 monocyte,CD16 monocyte,2,8837,8568,0.938553807853344,0.8927859616401156,1.0,5000,0
root/DC,DC,1,4802,4497,0.9979175343606832,0.987522115452523,1.0,5000,0
root/DC/cDC2,cDC2,2,3066,2762,0.8437703848662753,0.8512083988327146,1.0,5000,0
root/Progenitor cell/Progenitor cell,Progenitor cell,2,372,365,0.9919354838709676,0.9764606963482,1.0,5000,0
root,root,0,409933,409933,0.9440664693986578,0.4556472561513433,1.0,10,1
root/B cell,B cell,1,33786,32932,0.6161131829751968,0.4143176012549758,1.0,10,1
root/B cell/Naive B cell,Naive B cell,2,19222,15938,0.9816356258453856,0.8910673547113959,1.0,10,1
root/B cell/Memory B cell,Memory B cell,2,9067,4116,0.8311459137531708,0.2335266875473163,1.0,10,1
root/B cell/Effector B cell,Effector B cell,2,2329,43,0.858308286818377,0.8527370592860899,1.0,10,1
root/T cell,T cell,1,258284,246453,0.7353920490622725,0.5495335991038244,1.0,10,1
root/T cell/Naive CD4 T cell,Naive CD4 T cell,2,84944,71224,0.9367583349029948,0.7039231871834373,1.0,10,1
root/T cell/Memory CD4 T cell,Memory CD4 T cell,2,72699,37902,0.64413540763972,0.4770822531203559,1.0,10,1
root/T cell/Treg,Treg,2,8756,29,0.8107583371402467,0.5011240978670334,1.0,10,1
root/T cell/Naive CD8 T cell,Naive CD8 T cell,2,23843,20791,0.9559199765130229,0.6607397295294394,1.0,10,1
root/T cell/Memory CD8 T cell,Memory CD8 T cell,2,43916,34870,0.737385007742053,0.4851792401510202,1.0,10,1
root/T cell/gdT,gdT,2,11788,7727,0.7457583983712249,0.6900402903825408,1.0,10,1
root/T cell/MAIT,MAIT,2,9903,7336,0.9460769463798848,0.5005397179310224,1.0,10,1
root/NK cell,NK cell,1,28680,25596,0.957426778242678,0.8219277314738899,1.0,10,1
root/NK cell/CD56dim NK cell,CD56dim NK cell,2,25039,21827,0.828427652861536,0.5173162877055331,1.0,10,1
root/Monocyte,Monocyte,1,81232,80551,0.9495272798896986,0.6464918364835337,1.0,10,1
root/Monocyte/CD14 monocyte,CD14 monocyte,2,66308,65232,0.8675876214031489,0.5557386627197608,1.0,10,1
root/Monocyte/CD16 monocyte,CD16 monocyte,2,11940,11214,0.8971524288107202,0.8431194063479602,1.0,10,1
root/DC,DC,1,4939,1471,0.9793480461631908,0.8966762372507369,1.0,10,1
root/DC/cDC2,cDC2,2,3015,947,0.7217247097844113,0.7124838761485325,1.0,10,1
root/Progenitor cell/Progenitor cell,Progenitor cell,2,338,0,0.940828402366864,0.9344597047769811,,10,1
root,root,0,409933,409933,0.9683045766015422,0.7921857137095611,1.0,25,1
root/B cell,B cell,1,33786,33658,0.7024803172911857,0.5790284738957748,1.0,25,1
root/B cell/Naive B cell,Naive B cell,2,19222,16657,0.983664551035272,0.9058020209783866,1.0,25,1
root/B cell/Memory B cell,Memory B cell,2,9067,5874,0.8431675306054924,0.4076975622921419,1.0,25,1
root/B cell/Effector B cell,Effector B cell,2,2329,219,0.8849291541434092,0.8813774366038292,1.0,25,1
root/T cell,T cell,1,258284,249718,0.8338882780195443,0.6645842443077657,1.0,25,1
root/T cell/Naive CD4 T cell,Naive CD4 T cell,2,84944,78259,0.9429506498398944,0.7520160485574522,1.0,25,1
root/T cell/Memory CD4 T cell,Memory CD4 T cell,2,72699,55287,0.694479979091872,0.6564129526974098,1.0,25,1
root/T cell/Treg,Treg,2,8756,94,0.8418227501142074,0.6783921944953756,1.0,25,1
root/T cell/Naive CD8 T cell,Naive CD8 T cell,2,23843,22142,0.9583944973367444,0.7293271326953338,1.0,25,1
root/T cell/Memory CD8 T cell,Memory CD8 T cell,2,43916,35801,0.7646415884871117,0.5358067930633387,1.0,25,1
root/T cell/gdT,gdT,2,11788,7995,0.825755005089922,0.7936487595832092,1.0,25,1
root/T cell/MAIT,MAIT,2,9903,7817,0.94728870039382,0.5328864852210156,1.0,25,1
root/NK cell,NK cell,1,28680,25643,0.973186889818689,0.9234306449537404,1.0,25,1
root/NK cell/CD56dim NK cell,CD56dim NK cell,2,25039,22063,0.8703622349135349,0.710829970412924,1.0,25,1
root/Monocyte,Monocyte,1,81232,80903,0.953220405751428,0.688701381174793,1.0,25,1
root/Monocyte/CD14 monocyte,CD14 monocyte,2,66308,65347,0.9053658683718404,0.8036411961334742,1.0,25,1
root/Monocyte/CD16 monocyte,CD16 monocyte,2,11940,11549,0.923534338358459,0.8857536027024574,1.0,25,1
root/DC,DC,1,4939,4486,0.9933184855233852,0.9682145446459732,1.0,25,1
root/DC/cDC2,cDC2,2,3015,2605,0.8082918739635158,0.8126216482236396,1.0,25,1
root/Progenitor cell/Progenitor cell,Progenitor cell,2,338,145,0.955621301775148,0.9514702939697898,1.0,25,1
root,root,0,409933,409933,0.9887859723418218,0.88614460045024,1.0,50,1
root/B cell,B cell,1,33786,33722,0.7282306280707985,0.6247317083240673,1.0,50,1
root/B cell/Naive B cell,Naive B cell,2,19222,16684,0.9850171678285298,0.9147175803668234,1.0,50,1
root/B cell/Memory B cell,Memory B cell,2,9067,6364,0.8555200176464101,0.4951050734882153,1.0,50,1
root/B cell/Effector B cell,Effector B cell,2,2329,406,0.9068269643623872,0.9044145251838306,1.0,50,1
root/T cell,T cell,1,258284,255893,0.8754665407071286,0.7852768805832911,1.0,50,1
root/T cell/Naive CD4 T cell,Naive CD4 T cell,2,84944,78765,0.948601431531362,0.7818948240663509,1.0,50,1
root/T cell/Memory CD4 T cell,Memory CD4 T cell,2,72699,62808,0.7725278201900989,0.7847761291880687,1.0,50,1
root/T cell/Treg,Treg,2,8756,1610,0.8684330744632253,0.7246770254345192,1.0,50,1
root/T cell/Naive CD8 T cell,Naive CD8 T cell,2,23843,22420,0.9617497798095878,0.7628849411173976,1.0,50,1
root/T cell/Memory CD8 T cell,Memory CD8 T cell,2,43916,38224,0.78194735403953,0.5634683903187571,1.0,50,1
root/T cell/gdT,gdT,2,11788,9782,0.8578215134034611,0.8410138176044423,1.0,50,1
root/T cell/MAIT,MAIT,2,9903,9016,0.9517317984449156,0.6557851785540777,1.0,50,1
root/NK cell,NK cell,1,28680,27496,0.9766039051603904,0.9392337681128564,1.0,50,1
root/NK cell/CD56dim NK cell,CD56dim NK cell,2,25039,23769,0.8853788090578697,0.7576085930570637,1.0,50,1
root/Monocyte,Monocyte,1,81232,80966,0.9560641126649596,0.7240210326363051,1.0,50,1
root/Monocyte/CD14 monocyte,CD14 monocyte,2,66308,65377,0.9215630089883574,0.8682859538873626,1.0,50,1
root/Monocyte/CD16 monocyte,CD16 monocyte,2,11940,11587,0.9323283082077052,0.8984217466715326,1.0,50,1
root/DC,DC,1,4939,4522,0.9949382466086252,0.9771813418474012,1.0,50,1
root/DC/cDC2,cDC2,2,3015,2632,0.8437810945273632,0.8414463323274486,1.0,50,1
root/Progenitor cell/Progenitor cell,Progenitor cell,2,338,276,0.9763313609467456,0.9705100273727724,1.0,50,1
root,root,0,409933,409933,0.991657173245384,0.9326316014187372,1.0,100,1
root/B cell,B cell,1,33786,33758,0.8339252945006808,0.7303695066564412,1.0,100,1
root/B cell/Naive B cell,Naive B cell,2,19222,17815,0.9854333576110706,0.9169972694733236,1.0,100,1
root/B cell/Memory B cell,Memory B cell,2,9067,8199,0.8720635270762105,0.6174683680423045,1.0,100,1
root/B cell/Effector B cell,Effector B cell,2,2329,686,0.9411764705882352,0.9399108888385436,1.0,100,1
root/T cell,T cell,1,258284,256467,0.8975972185656099,0.8449180151340363,1.0,100,1
root/T cell/Naive CD4 T cell,Naive CD4 T cell,2,84944,79838,0.9509912412883782,0.7986870363678206,1.0,100,1
root/T cell/Memory CD4 T cell,Memory CD4 T cell,2,72699,63932,0.7931058198874813,0.8027989539820485,1.0,100,1
root/T cell/Treg,Treg,2,8756,4242,0.8857925993604385,0.7505819236745315,1.0,100,1
root/T cell/Naive CD8 T cell,Naive CD8 T cell,2,23843,22615,0.9640565365096674,0.7940001025471554,1.0,100,1
root/T cell/Memory CD8 T cell,Memory CD8 T cell,2,43916,38741,0.8297659167501594,0.7130840477641806,1.0,100,1
root/T cell/gdT,gdT,2,11788,9910,0.8910756701730573,0.8864621199180617,1.0,100,1
root/T cell/MAIT,MAIT,2,9903,9183,0.9562758759971726,0.7083987579154334,1.0,100,1
root/NK cell,NK cell,1,28680,27869,0.9796722454672244,0.9438006407549364,1.0,100,1
root/NK cell/CD56dim NK cell,CD56dim NK cell,2,25039,24155,0.9086225488238348,0.8069556328200839,1.0,100,1
root/Monocyte,Monocyte,1,81232,80977,0.962170080756352,0.8043440856494293,1.0,100,1
root/Monocyte/CD14 monocyte,CD14 monocyte,2,66308,65156,0.9275653013211076,0.8798741804055896,1.0,100,1
root/Monocyte/CD16 monocyte,CD16 monocyte,2,11940,11611,0.9459798994974874,0.9214397307802644,1.0,100,1
root/DC,DC,1,4939,4591,0.9953431868799352,0.9784643784840824,1.0,100,1
root/DC/cDC2,cDC2,2,3015,2697,0.8530679933665009,0.8494258387107073,1.0,100,1
root/Progenitor cell/Progenitor cell,Progenitor cell,2,338,317,0.9911242603550297,0.9877181824606036,1.0,100,1
root,root,0,409933,409933,0.9964238058414424,0.9581173819279531,1.0,200,1
root/B cell,B cell,1,33786,33778,0.8564790149766175,0.7824389900109142,1.0,200,1
root/B cell/Naive B cell,Naive B cell,2,19222,17956,0.9860056185620644,0.9204721275595134,1.0,200,1
root/B cell/Memory B cell,Memory B cell,2,9067,8161,0.8856292048086467,0.676689827633752,1.0,200,1
root/B cell/Effector B cell,Effector B cell,2,2329,993,0.9544869042507514,0.9537137864572788,1.0,200,1
root/T cell,T cell,1,258284,257860,0.9162240014867356,0.8829339412016515,1.0,200,1
root/T cell/Naive CD4 T cell,Naive CD4 T cell,2,84944,80281,0.9523450744019588,0.8121339974784387,1.0,200,1
root/T cell/Memory CD4 T cell,Memory CD4 T cell,2,72699,65502,0.8138213730587766,0.8265681297821044,1.0,200,1
root/T cell/Treg,Treg,2,8756,6422,0.8966423024211969,0.7439117697807852,1.0,200,1
root/T cell/Naive CD8 T cell,Naive CD8 T cell,2,23843,22734,0.9654825315606258,0.8010187654529929,1.0,200,1
root/T cell/Memory CD8 T cell,Memory CD8 T cell,2,43916,39805,0.8687266599872484,0.8198555301920208,1.0,200,1
root/T cell/gdT,gdT,2,11788,10253,0.9090600610790636,0.918942102434902,1.0,200,1
root/T cell/MAIT,MAIT,2,9903,9316,0.9622336665656872,0.7606577463302674,1.0,200,1
root/NK cell,NK cell,1,28680,28255,0.9843096234309624,0.9543153558155704,1.0,200,1
root/NK cell/CD56dim NK cell,CD56dim NK cell,2,25039,24520,0.9217620512001278,0.8404135960373353,1.0,200,1
root/Monocyte,Monocyte,1,81232,81019,0.9640658853653732,0.8215115566784492,1.0,200,1
root/Monocyte/CD14 monocyte,CD14 monocyte,2,66308,65167,0.9358146829945104,0.891711847181735,1.0,200,1
root/Monocyte/CD16 monocyte,CD16 monocyte,2,11940,11617,0.9469849246231156,0.921012857394517,1.0,200,1
root/DC,DC,1,4939,4645,0.9969629479651752,0.9868925219696048,1.0,200,1
root/DC/cDC2,cDC2,2,3015,2726,0.8514096185737977,0.8463964916733646,1.0,200,1
root/Progenitor cell/Progenitor cell,Progenitor cell,2,338,329,0.9881656804733728,0.9809059996325914,1.0,200,1
root,root,0,409933,409933,0.9967653250653156,0.9645629923644228,1.0,300,1
root/B cell,B cell,1,33786,33783,0.8676374829811164,0.8013125227891592,1.0,300,1
root/B cell/Naive B cell,Naive B cell,2,19222,18092,0.9867859744043284,0.9243789093089878,1.0,300,1
root/B cell/Memory B cell,Memory B cell,2,9067,8201,0.8909231278261829,0.699062121631232,1.0,300,1
root/B cell/Effector B cell,Effector B cell,2,2329,1147,0.957921854873336,0.95718762848851,1.0,300,1
root/T cell,T cell,1,258284,257925,0.9236112186585308,0.8944330362836602,1.0,300,1
root/T cell/Naive CD4 T cell,Naive CD4 T cell,2,84944,80563,0.953392823507252,0.823463434888129,1.0,300,1
root/T cell/Memory CD4 T cell,Memory CD4 T cell,2,72699,66362,0.8275904757974663,0.8408403921638705,1.0,300,1
root/T cell/Treg,Treg,2,8756,6823,0.9014390132480584,0.760736544752988,1.0,300,1
root/T cell/Naive CD8 T cell,Naive CD8 T cell,2,23843,22817,0.965272826406073,0.8011872522150769,1.0,300,1
root/T cell/Memory CD8 T cell,Memory CD8 T cell,2,43916,40042,0.8823207942435559,0.8444628917431637,1.0,300,1
root/T cell/gdT,gdT,2,11788,10267,0.911350525958602,0.916891450644452,1.0,300,1
root/T cell/MAIT,MAIT,2,9903,9354,0.963748359083106,0.7751637230433183,1.0,300,1
root/NK cell,NK cell,1,28680,28293,0.986994421199442,0.9578927259542492,1.0,300,1
root/NK cell/CD56dim NK cell,CD56dim NK cell,2,25039,24558,0.9247973161867488,0.8437714960664146,1.0,300,1
root/Monocyte,Monocyte,1,81232,80984,0.96656490053181,0.8341374303114693,1.0,300,1
root/Monocyte/CD14 monocyte,CD14 monocyte,2,66308,65207,0.9391174518911746,0.8967553457553596,1.0,300,1
root/Monocyte/CD16 monocyte,CD16 monocyte,2,11940,11663,0.9443048576214406,0.9169022077193382,1.0,300,1
root/DC,DC,1,4939,4690,0.99716541810083,0.9876674329756234,1.0,300,1
root/DC/cDC2,cDC2,2,3015,2770,0.8490878938640133,0.8411909344052714,1.0,300,1
root/Progenitor cell/Progenitor cell,Progenitor cell,2,338,332,0.9911242603550297,0.9835347872516156,1.0,300,1
root,root,0,409933,409933,0.9970165856371652,0.9644264433016791,1.0,500,1
root/B cell,B cell,1,33786,33783,0.8818149529390872,0.8263915668650823,1.0,500,1
root/B cell/Naive B cell,Naive B cell,2,19222,18166,0.9871501404640516,0.926819129574976,1.0,500,1
root/B cell/Memory B cell,Memory B cell,2,9067,8265,0.8889379066946068,0.6861091804228444,1.0,500,1
root/B cell/Effector B cell,Effector B cell,2,2329,1340,0.9630742808072134,0.962447034295528,1.0,500,1
root/T cell,T cell,1,258284,257987,0.9315404748261604,0.9064883426433848,1.0,500,1
root/T cell/Naive CD4 T cell,Naive CD4 T cell,2,84944,80813,0.9538872669052552,0.8261543686026281,1.0,500,1
root/T cell/Memory CD4 T cell,Memory CD4 T cell,2,72699,67003,0.8406167897770258,0.8519845789610251,1.0,500,1
root/T cell/Treg,Treg,2,8756,7371,0.9040657834627684,0.7627760962063602,1.0,500,1
root/T cell/Naive CD8 T cell,Naive CD8 T cell,2,23843,22972,0.9654825315606258,0.817320078353548,1.0,500,1
root/T cell/Memory CD8 T cell,Memory CD8 T cell,2,43916,40271,0.8922716094361963,0.8591859444845547,1.0,500,1
root/T cell/gdT,gdT,2,11788,10414,0.9119443501866304,0.9127974370793512,1.0,500,1
root/T cell/MAIT,MAIT,2,9903,9432,0.961829748561042,0.7591453883921352,1.0,500,1
root/NK cell,NK cell,1,28680,28305,0.9889470013947002,0.9579364319182856,1.0,500,1
root/NK cell/CD56dim NK cell,CD56dim NK cell,2,25039,24571,0.9277127680817924,0.8492374229048282,1.0,500,1
root/Monocyte,Monocyte,1,81232,80974,0.965678550324995,0.8293405611562132,1.0,500,1
root/Monocyte/CD14 monocyte,CD14 monocyte,2,66308,65176,0.9422844905592084,0.901720685069396,1.0,500,1
root/Monocyte/CD16 monocyte,CD16 monocyte,2,11940,11651,0.9436348408710218,0.9149089493574234,1.0,500,1
root/DC,DC,1,4939,4727,0.9981777687791052,0.992496498395769,1.0,500,1
root/DC/cDC2,cDC2,2,3015,2804,0.8524046434494196,0.8389342653379769,1.0,500,1
root/Progenitor cell/Progenitor cell,Progenitor cell,2,338,333,0.9911242603550297,0.9835347872516156,1.0,500,1
root,root,0,409933,409933,0.9970653740977184,0.9687948648237156,1.0,1000,1
root/B cell,B cell,1,33786,33783,0.9033919374889008,0.8689175845058076,1.0,1000,1
root/B cell/Naive B cell,Naive B cell,2,19222,18208,0.9854333576110706,0.9174415912787534,1.0,1000,1
root/B cell/Memory B cell,Memory B cell,2,9067,8345,0.8899305172603948,0.7156582002361354,1.0,1000,1
root/B cell/Effector B cell,Effector B cell,2,2329,1663,0.960927436668098,0.9601756234355744,1.0,1000,1
root/T cell,T cell,1,258284,258010,0.9387341066423008,0.9125583957301312,1.0,1000,1
root/T cell/Naive CD4 T cell,Naive CD4 T cell,2,84944,81148,0.953451685816538,0.8259046475071945,1.0,1000,1
root/T cell/Memory CD4 T cell,Memory CD4 T cell,2,72699,67667,0.8496953190552827,0.8593898018533622,1.0,1000,1
root/T cell/Treg,Treg,2,8756,7700,0.8932160804020101,0.7545577615542874,1.0,1000,1
root/T cell/Naive CD8 T cell,Naive CD8 T cell,2,23843,23188,0.9632596569223671,0.815073737698929,1.0,1000,1
root/T cell/Memory CD8 T cell,Memory CD8 T cell,2,43916,40518,0.898533564076874,0.869588011196806,1.0,1000,1
root/T cell/gdT,gdT,2,11788,10481,0.912029182219206,0.913707507045734,1.0,1000,1
root/T cell/MAIT,MAIT,2,9903,9473,0.9576895890134304,0.7462839524956332,1.0,1000,1
root/NK cell,NK cell,1,28680,28319,0.9866457461645746,0.9518030935828842,1.0,1000,1
root/NK cell/CD56dim NK cell,CD56dim NK cell,2,25039,24535,0.928192020448101,0.8460235394522736,1.0,1000,1
root/Monocyte,Monocyte,1,81232,80973,0.970442682686626,0.8603377699414957,1.0,1000,1
root/Monocyte/CD14 monocyte,CD14 monocyte,2,66308,65172,0.9449990951318092,0.9052317713012976,1.0,1000,1
root/Monocyte/CD16 monocyte,CD16 monocyte,2,11940,11720,0.9360134003350083,0.902508651029312,1.0,1000,1
root/DC,DC,1,4939,4700,0.99838023891476,0.9922537746048998,1.0,1000,1
root/DC/cDC2,cDC2,2,3015,2777,0.8480928689883914,0.8400411169621141,1.0,1000,1
root/Progenitor cell/Progenitor cell,Progenitor cell,2,338,335,0.9911242603550297,0.9835347872516156,1.0,1000,1
root,root,0,409933,409933,0.9969190087160584,0.9678730749785764,1.0,2000,1
root/B cell,B cell,1,33786,33783,0.9171254365713608,0.8929307008431918,1.0,2000,1
root/B cell/Naive B cell,Naive B cell,2,19222,18203,0.984861096660077,0.9131282507880398,1.0,2000,1
root/B cell/Memory B cell,Memory B cell,2,9067,8444,0.885408624682916,0.7178701691644672,1.0,2000,1
root/B cell/Effector B cell,Effector B cell,2,2329,1806,0.961356805495921,0.9606825159588356,1.0,2000,1
root/T cell,T cell,1,258284,257985,0.9417772684331976,0.9147469691542934,1.0,2000,1
root/T cell/Naive CD4 T cell,Naive CD4 T cell,2,84944,81281,0.9525452062535318,0.8208366316792765,1.0,2000,1
root/T cell/Memory CD4 T cell,Memory CD4 T cell,2,72699,67949,0.8524326331861511,0.856334940569839,1.0,2000,1
root/T cell/Treg,Treg,2,8756,7934,0.8977843764275925,0.7954966859930659,1.0,2000,1
root/T cell/Naive CD8 T cell,Naive CD8 T cell,2,23843,23232,0.959443023109508,0.808714981440374,1.0,2000,1
root/T cell/Memory CD8 T cell,Memory CD8 T cell,2,43916,40582,0.897121777939703,0.8612600292924002,1.0,2000,1
root/T cell/gdT,gdT,2,11788,10511,0.913047166610112,0.920031591924216,1.0,2000,1
root/T cell/MAIT,MAIT,2,9903,9478,0.9352721397556296,0.6871595511943521,1.0,2000,1
root/NK cell,NK cell,1,28680,28328,0.9886331938633194,0.958273926102948,1.0,2000,1
root/NK cell/CD56dim NK cell,CD56dim NK cell,2,25039,24589,0.9200047925236632,0.8259813697652334,1.0,2000,1
root/Monocyte,Monocyte,1,81232,80939,0.9704796139452432,0.864993393404352,1.0,2000,1
root/Monocyte/CD14 monocyte,CD14 monocyte,2,66308,65100,0.9448181214936358,0.9030073773855524,1.0,2000,1
root/Monocyte/CD16 monocyte,CD16 monocyte,2,11940,11659,0.916247906197655,0.8697248189423661,1.0,2000,1
root/DC,DC,1,4939,4698,0.9981777687791052,0.9916355567260776,1.0,2000,1
root/DC/cDC2,cDC2,2,3015,2775,0.815257048092869,0.7982642189273399,1.0,2000,1
root/Progenitor cell/Progenitor cell,Progenitor cell,2,338,334,0.9881656804733728,0.9755404228479976,1.0,2000,1
root,root,0,344046,344046,0.9476901344587644,0.4572606551822413,1.0,10,2
root/B cell,B cell,1,29409,28420,0.6119215206229386,0.4089873757710657,1.0,10,2
root/B cell/Naive B cell,Naive B cell,2,16001,13200,0.9856883944753452,0.8901804796793087,1.0,10,2
root/B cell/Memory B cell,Memory B cell,2,9016,4057,0.8223158828748891,0.2472710953444388,1.0,10,2
root/B cell/Effector B cell,Effector B cell,2,1964,52,0.8564154786150713,0.8298532772985328,1.0,10,2
root/T cell,T cell,1,230896,222318,0.7399695100824614,0.5463281166807182,1.0,10,2
root/T cell/Naive CD4 T cell,Naive CD4 T cell,2,79743,66618,0.9293731111194712,0.7108879813705066,1.0,10,2
root/T cell/Memory CD4 T cell,Memory CD4 T cell,2,60846,31791,0.6400913782335733,0.4723376181044833,1.0,10,2
root/T cell/Treg,Treg,2,7706,17,0.8030106410589152,0.4763661606730081,1.0,10,2
root/T cell/Naive CD8 T cell,Naive CD8 T cell,2,28237,24467,0.9528278499840634,0.6419960397974149,1.0,10,2
root/T cell/Memory CD8 T cell,Memory CD8 T cell,2,35326,28763,0.7558455528505916,0.4930653800935866,1.0,10,2
root/T cell/gdT,gdT,2,9305,6069,0.7005910800644815,0.6917139197864396,1.0,10,2
root/T cell/MAIT,MAIT,2,7802,6023,0.9421943091514996,0.4707367016852254,1.0,10,2
root/NK cell,NK cell,1,24689,21752,0.9671918668232816,0.8154992950683629,1.0,10,2
root/NK cell/CD56dim NK cell,CD56dim NK cell,2,22300,19266,0.8388340807174888,0.6184265879274875,1.0,10,2
root/Monocyte,Monocyte,1,52808,52341,0.9524125132555672,0.6496072504282883,1.0,10,2
root/Monocyte/CD14 monocyte,CD14 monocyte,2,44470,43725,0.8815381155835394,0.5507694140010583,1.0,10,2
root/Monocyte/CD16 monocyte,CD16 monocyte,2,6565,6091,0.9108910891089108,0.822853082702019,1.0,10,2
root/DC,DC,1,4190,1217,0.9825775656324582,0.8933490949829571,1.0,10,2
root/DC/cDC2,cDC2,2,2344,819,0.7145904436860068,0.6974195819783184,1.0,10,2
root/Progenitor cell/Progenitor cell,Progenitor cell,2,223,0,0.9147982062780268,0.8982749987481848,,10,2
root,root,0,344046,344046,0.9715125303011808,0.7863174057764826,1.0,25,2
root/B cell,B cell,1,29409,29294,0.7009078853412221,0.5841849938572123,1.0,25,2
root/B cell/Naive B cell,Naive B cell,2,16001,13790,0.9881882382351104,0.9123386508039688,1.0,25,2
root/B cell/Memory B cell,Memory B cell,2,9016,5813,0.8338509316770186,0.4326203474849607,1.0,25,2
root/B cell/Effector B cell,Effector B cell,2,1964,209,0.8981670061099797,0.8828580255970722,1.0,25,2
root/T cell,T cell,1,230896,225218,0.8385939990298663,0.6802873153246202,1.0,25,2
root/T cell/Naive CD4 T cell,Naive CD4 T cell,2,79743,73456,0.93578119709567,0.7542011733116961,1.0,25,2
root/T cell/Memory CD4 T cell,Memory CD4 T cell,2,60846,46251,0.6881306905959307,0.6410356892242538,1.0,25,2
root/T cell/Treg,Treg,2,7706,92,0.8447962626524785,0.6631809616481229,1.0,25,2
root/T cell/Naive CD8 T cell,Naive CD8 T cell,2,28237,26288,0.9565817898501966,0.7007242946622197,1.0,25,2
root/T cell/Memory CD8 T cell,Memory CD8 T cell,2,35326,29384,0.7771896053897979,0.5383313039553687,1.0,25,2
root/T cell/gdT,gdT,2,9305,6232,0.784846856528748,0.7843174994436493,1.0,25,2
root/T cell/MAIT,MAIT,2,7802,6456,0.9473211996923866,0.5346600919770444,1.0,25,2
root/NK cell,NK cell,1,24689,21719,0.9775608570618494,0.9095459587728256,1.0,25,2
root/NK cell/CD56dim NK cell,CD56dim NK cell,2,22300,19361,0.882914798206278,0.7206829167974018,1.0,25,2
root/Monocyte,Monocyte,1,52808,52550,0.955574912891986,0.6889856657258463,1.0,25,2
root/Monocyte/CD14 monocyte,CD14 monocyte,2,44470,43805,0.9140094445693726,0.795417812107921,1.0,25,2
root/Monocyte/CD16 monocyte,CD16 monocyte,2,6565,6276,0.9277989337395278,0.8579611424964145,1.0,25,2
root/DC,DC,1,4190,3833,0.9916467780429594,0.9502471081776772,1.0,25,2
root/DC/cDC2,cDC2,2,2344,2041,0.7922354948805461,0.7930581550378822,1.0,25,2
root/Progenitor cell/Progenitor cell,Progenitor cell,2,223,92,0.9327354260089686,0.9176929098528892,1.0,25,2
root,root,0,344046,344046,0.9880975218430094,0.8861631799298549,1.0,50,2
root/B cell,B cell,1,29409,29352,0.7231799789180183,0.6227487251902313,1.0,50,2
root/B cell/Naive B cell,Naive B cell,2,16001,13907,0.989063183551028,0.9186917566288572,1.0,50,2
root/B cell/Memory B cell,Memory B cell,2,9016,6129,0.8428349600709849,0.4817717670863555,1.0,50,2
root/B cell/Effector B cell,Effector B cell,2,1964,338,0.9210794297352344,0.9103659766419188,1.0,50,2
root/T cell,T cell,1,230896,229813,0.8766847411821772,0.7798847584729578,1.0,50,2
root/T cell/Naive CD4 T cell,Naive CD4 T cell,2,79743,74492,0.9432175864966204,0.7886262214303322,1.0,50,2
root/T cell/Memory CD4 T cell,Memory CD4 T cell,2,60846,52024,0.7589981264175131,0.7728702792323828,1.0,50,2
root/T cell/Treg,Treg,2,7706,1305,0.8601090059693746,0.6847635677101208,1.0,50,2
root/T cell/Naive CD8 T cell,Naive CD8 T cell,2,28237,26732,0.9599815844459396,0.7391652774388294,1.0,50,2
root/T cell/Memory CD8 T cell,Memory CD8 T cell,2,35326,31210,0.7930985676272434,0.5806015901299203,1.0,50,2
root/T cell/gdT,gdT,2,9305,7522,0.8315959161740999,0.8351758344022557,1.0,50,2
root/T cell/MAIT,MAIT,2,7802,7154,0.9479620610099976,0.5640009687744479,1.0,50,2
root/NK cell,NK cell,1,24689,22495,0.982218801895581,0.9317893799542372,1.0,50,2
root/NK cell/CD56dim NK cell,CD56dim NK cell,2,22300,20036,0.8954260089686099,0.779747717862183,1.0,50,2
root/Monocyte,Monocyte,1,52808,52609,0.9574496288441146,0.7220076746474149,1.0,50,2
root/Monocyte/CD14 monocyte,CD14 monocyte,2,44470,43794,0.9272093546210928,0.8308005850589608,1.0,50,2
root/Monocyte/CD16 monocyte,CD16 monocyte,2,6565,6303,0.9370906321401372,0.8778157144832668,1.0,50,2
root/DC,DC,1,4190,3887,0.9949880668257756,0.9741510724041128,1.0,50,2
root/DC/cDC2,cDC2,2,2344,2089,0.8336177474402731,0.8237955883803373,1.0,50,2
root/Progenitor cell/Progenitor cell,Progenitor cell,2,223,179,0.9775784753363228,0.968743330474246,1.0,50,2
root,root,0,344046,344046,0.990707637932137,0.9317997318706218,1.0,100,2
root/B cell,B cell,1,29409,29395,0.8361385970281207,0.7234767091708145,1.0,100,2
root/B cell/Naive B cell,Naive B cell,2,16001,14893,0.9901256171489282,0.9280203484690704,1.0,100,2
root/B cell/Memory B cell,Memory B cell,2,9016,8031,0.8534826974267968,0.5710788673524486,1.0,100,2
root/B cell/Effector B cell,Effector B cell,2,1964,540,0.9511201629327902,0.9449399182088652,1.0,100,2
root/T cell,T cell,1,230896,230081,0.8989891552906937,0.8403981444284989,1.0,100,2
root/T cell/Naive CD4 T cell,Naive CD4 T cell,2,79743,75430,0.9469545916255973,0.80517340904039,1.0,100,2
root/T cell/Memory CD4 T cell,Memory CD4 T cell,2,60846,53503,0.784702363343523,0.7975300959356184,1.0,100,2
root/T cell/Treg,Treg,2,7706,3480,0.8895665715027251,0.7271150862135506,1.0,100,2
root/T cell/Naive CD8 T cell,Naive CD8 T cell,2,28237,26993,0.9630980628253708,0.7703158224878708,1.0,100,2
root/T cell/Memory CD8 T cell,Memory CD8 T cell,2,35326,31416,0.82873803997056,0.7060111609938176,1.0,100,2
root/T cell/gdT,gdT,2,9305,7492,0.861257388500806,0.8664861001421075,1.0,100,2
root/T cell/MAIT,MAIT,2,7802,7248,0.9537298128684952,0.6935177793605417,1.0,100,2
root/NK cell,NK cell,1,24689,22921,0.9835554295435214,0.936770114733619,1.0,100,2
root/NK cell/CD56dim NK cell,CD56dim NK cell,2,22300,20454,0.9152017937219732,0.8219680296481823,1.0,100,2
root/Monocyte,Monocyte,1,52808,52648,0.9638312376912588,0.8004618617238952,1.0,100,2
root/Monocyte/CD14 monocyte,CD14 monocyte,2,44470,43700,0.933011018664268,0.8450338457186698,1.0,100,2
root/Monocyte/CD16 monocyte,CD16 monocyte,2,6565,6373,0.952018278750952,0.9060538070762444,1.0,100,2
root/DC,DC,1,4190,3905,0.9935560859188544,0.9647637752786272,1.0,100,2
root/DC/cDC2,cDC2,2,2344,2093,0.859641638225256,0.8510787576162665,1.0,100,2
root/Progenitor cell/Progenitor cell,Progenitor cell,2,223,205,0.968609865470852,0.9501290342885018,1.0,100,2
root,root,0,344046,344046,0.9953814315527576,0.9474467478963108,1.0,200,2
root/B cell,B cell,1,29409,29403,0.8572885851270019,0.7735484548537844,1.0,200,2
root/B cell/Naive B cell,Naive B cell,2,16001,15058,0.990063121054934,0.9279912847728492,1.0,200,2
root/B cell/Memory B cell,Memory B cell,2,9016,8015,0.885980479148181,0.7146229715957438,1.0,200,2
root/B cell/Effector B cell,Effector B cell,2,1964,764,0.9572301425661914,0.9518961505490467,1.0,200,2
root/T cell,T cell,1,230896,230437,0.914935728639734,0.8742705457913551,1.0,200,2
root/T cell/Naive CD4 T cell,Naive CD4 T cell,2,79743,75768,0.9485221273340608,0.8171248011075608,1.0,200,2
root/T cell/Memory CD4 T cell,Memory CD4 T cell,2,60846,54558,0.8075962265391315,0.8196880373246034,1.0,200,2
root/T cell/Treg,Treg,2,7706,4984,0.8973527121723333,0.754542431899801,1.0,200,2
root/T cell/Naive CD8 T cell,Naive CD8 T cell,2,28237,27181,0.9650104472854764,0.782965593045875,1.0,200,2
root/T cell/Memory CD8 T cell,Memory CD8 T cell,2,35326,31913,0.8585178055822906,0.8070418240929444,1.0,200,2
root/T cell/gdT,gdT,2,9305,7721,0.877270284793122,0.8886098030997385,1.0,200,2
root/T cell/MAIT,MAIT,2,7802,7354,0.9607792873622149,0.754633585031042,1.0,200,2
root/NK cell,NK cell,1,24689,24040,0.9879298473004172,0.949133424657044,1.0,200,2
root/NK cell/CD56dim NK cell,CD56dim NK cell,2,22300,21570,0.933408071748879,0.8577900570401445,1.0,200,2
root/Monocyte,Monocyte,1,52808,52664,0.9654787153461596,0.8113770989785497,1.0,200,2
root/Monocyte/CD14 monocyte,CD14 monocyte,2,44470,43753,0.9386552732178997,0.8553143169833337,1.0,200,2
root/Monocyte/CD16 monocyte,CD16 monocyte,2,6565,6368,0.9536938309215536,0.9086703990335392,1.0,200,2
root/DC,DC,1,4190,3980,0.9940334128878282,0.9694061481189707,1.0,200,2
root/DC/cDC2,cDC2,2,2344,2143,0.8694539249146758,0.8575856574296208,1.0,200,2
root/Progenitor cell/Progenitor cell,Progenitor cell,2,223,219,0.9910313901345292,0.9815894667045564,1.0,200,2
root,root,0,344046,344046,0.99595984257919,0.9557154682521328,1.0,300,2
root/B cell,B cell,1,29409,29404,0.8643272467611955,0.7923818638560104,1.0,300,2
root/B cell/Naive B cell,Naive B cell,2,16001,15096,0.9906255859008812,0.9320100713985606,1.0,300,2
root/B cell/Memory B cell,Memory B cell,2,9016,7968,0.8855368234250222,0.7050123090023868,1.0,300,2
root/B cell/Effector B cell,Effector B cell,2,1964,914,0.9638492871690428,0.9595092348759976,1.0,300,2
root/T cell,T cell,1,230896,230507,0.9248579447023768,0.893190216983162,1.0,300,2
root/T cell/Naive CD4 T cell,Naive CD4 T cell,2,79743,76077,0.9497134544724928,0.8261282726832659,1.0,300,2
root/T cell/Memory CD4 T cell,Memory CD4 T cell,2,60846,55160,0.8203333004634651,0.8327743929968928,1.0,300,2
root/T cell/Treg,Treg,2,7706,5925,0.9030625486633792,0.7658911880821683,1.0,300,2
root/T cell/Naive CD8 T cell,Naive CD8 T cell,2,28237,27287,0.9658249814073732,0.7955104716171731,1.0,300,2
root/T cell/Memory CD8 T cell,Memory CD8 T cell,2,35326,32069,0.8687652154220687,0.8281960071578279,1.0,300,2
root/T cell/gdT,gdT,2,9305,7811,0.8862976894142934,0.8972799286516673,1.0,300,2
root/T cell/MAIT,MAIT,2,7802,7409,0.9580876698282492,0.7457800174452842,1.0,300,2
root/NK cell,NK cell,1,24689,24156,0.9895500020251934,0.95164470972089,1.0,300,2
root/NK cell/CD56dim NK cell,CD56dim NK cell,2,22300,21679,0.9384304932735426,0.8659748112942273,1.0,300,2
root/Monocyte,Monocyte,1,52808,52629,0.965952128465384,0.8228017961153986,1.0,300,2
root/Monocyte/CD14 monocyte,CD14 monocyte,2,44470,43613,0.9403867776028784,0.8600581444336713,1.0,300,2
root/Monocyte/CD16 monocyte,CD16 monocyte,2,6565,6412,0.9533891850723534,0.90985022726636,1.0,300,2
root/DC,DC,1,4190,4014,0.9947494033412888,0.9725702342789426,1.0,300,2
root/DC/cDC2,cDC2,2,2344,2171,0.867320819112628,0.8474256486460101,1.0,300,2
root/Progenitor cell/Progenitor cell,Progenitor cell,2,223,219,0.9865470852017936,0.9776408517052948,1.0,300,2
root,root,0,344046,344046,0.9962214355057172,0.9582384433494644,1.0,500,2
root/B cell,B cell,1,29409,29406,0.8788466115814887,0.8168090135884803,1.0,500,2
root/B cell/Naive B cell,Naive B cell,2,16001,15154,0.9905630898068872,0.931957618891913,1.0,500,2
root/B cell/Memory B cell,Memory B cell,2,9016,8116,0.884871339840284,0.6986227100331265,1.0,500,2
root/B cell/Effector B cell,Effector B cell,2,1964,1065,0.9638492871690428,0.9595694372965882,1.0,500,2
root/T cell,T cell,1,230896,230537,0.932653662254868,0.9066913801414078,1.0,500,2
root/T cell/Naive CD4 T cell,Naive CD4 T cell,2,79743,76390,0.9509047816109252,0.8323224012420228,1.0,500,2
root/T cell/Memory CD4 T cell,Memory CD4 T cell,2,60846,55608,0.8332347237287578,0.8426105274213107,1.0,500,2
root/T cell/Treg,Treg,2,7706,6382,0.902803010641059,0.758091448268641,1.0,500,2
root/T cell/Naive CD8 T cell,Naive CD8 T cell,2,28237,27461,0.9671707334348548,0.8062401952636331,1.0,500,2
root/T cell/Memory CD8 T cell,Memory CD8 T cell,2,35326,32395,0.8779086225443017,0.8407080766155567,1.0,500,2
root/T cell/gdT,gdT,2,9305,7819,0.8879097259537883,0.896431101069424,1.0,500,2
root/T cell/MAIT,MAIT,2,7802,7459,0.9589848756729044,0.7458999423320128,1.0,500,2
root/NK cell,NK cell,1,24689,24201,0.991008141277492,0.9530186739798636,1.0,500,2
root/NK cell/CD56dim NK cell,CD56dim NK cell,2,22300,21736,0.9421973094170404,0.8736787359586915,1.0,500,2
root/Monocyte,Monocyte,1,52808,52604,0.967448113922133,0.8345132131918929,1.0,500,2
root/Monocyte/CD14 monocyte,CD14 monocyte,2,44470,43596,0.9434675061839444,0.8673485278180282,1.0,500,2
root/Monocyte/CD16 monocyte,CD16 monocyte,2,6565,6401,0.9532368621477532,0.9099592684205304,1.0,500,2
root/DC,DC,1,4190,4038,0.9954653937947494,0.9751197323461152,1.0,500,2
root/DC/cDC2,cDC2,2,2344,2193,0.8532423208191127,0.8149394586894587,1.0,500,2
root/Progenitor cell/Progenitor cell,Progenitor cell,2,223,218,0.9910313901345292,0.9815894667045564,1.0,500,2
root,root,0,344046,344046,0.996253407974515,0.9639856360141164,1.0,1000,2
root/B cell,B cell,1,29409,29406,0.9014247339249888,0.8632030923917426,1.0,1000,2
root/B cell/Naive B cell,Naive B cell,2,16001,15223,0.9881882382351104,0.9175878254086198,1.0,1000,2
root/B cell/Memory B cell,Memory B cell,2,9016,8200,0.8813220940550133,0.697832894853216,1.0,1000,2
root/B cell/Effector B cell,Effector B cell,2,1964,1341,0.960794297352342,0.9559884112633672,1.0,1000,2
root/T cell,T cell,1,230896,230540,0.9404017393112052,0.9157951046746596,1.0,1000,2
root/T cell/Naive CD4 T cell,Naive CD4 T cell,2,79743,76625,0.951632118179652,0.8337959865135178,1.0,1000,2
root/T cell/Memory CD4 T cell,Memory CD4 T cell,2,60846,56280,0.8432764684613615,0.8517831131576511,1.0,1000,2
root/T cell/Treg,Treg,2,7706,6740,0.8968336361276927,0.7562161184680937,1.0,1000,2
root/T cell/Naive CD8 T cell,Naive CD8 T cell,2,28237,27684,0.9661791266777632,0.81097457866743,1.0,1000,2
root/T cell/Memory CD8 T cell,Memory CD8 T cell,2,35326,32476,0.885410179471211,0.8512390074690215,1.0,1000,2
root/T cell/gdT,gdT,2,9305,7951,0.8988715744223535,0.90836182103164,1.0,1000,2
root/T cell/MAIT,MAIT,2,7802,7492,0.9562932581389388,0.7278683924553372,1.0,1000,2
root/NK cell,NK cell,1,24689,24180,0.9891449633439994,0.942428494406396,1.0,1000,2
root/NK cell/CD56dim NK cell,CD56dim NK cell,2,22300,21702,0.9425112107623318,0.875073519413456,1.0,1000,2
root/Monocyte,Monocyte,1,52808,52625,0.970345402211786,0.8529125772722647,1.0,1000,2
root/Monocyte/CD14 monocyte,CD14 monocyte,2,44470,43629,0.9456037778277492,0.8703391609945922,1.0,1000,2
root/Monocyte/CD16 monocyte,CD16 monocyte,2,6565,6406,0.9536938309215536,0.9097110426815028,1.0,1000,2
root/DC,DC,1,4190,4026,0.9971360381861576,0.9850030895056944,1.0,1000,2
root/DC/cDC2,cDC2,2,2344,2183,0.8536689419795221,0.8163739560598465,1.0,1000,2
root/Progenitor cell/Progenitor cell,Progenitor cell,2,223,219,0.9910313901345292,0.9815894667045564,1.0,1000,2
root,root,0,344046,344046,0.9961749300965568,0.9655341164878154,1.0,2000,2
root/B cell,B cell,1,29409,29408,0.915944098745282,0.8873056363332502,1.0,2000,2
root/B cell/Naive B cell,Naive B cell,2,16001,15286,0.9851884257233924,0.9001970537600819,1.0,2000,2
root/B cell/Memory B cell,Memory B cell,2,9016,8258,0.881433007985803,0.7307335280846191,1.0,2000,2
root/B cell/Effector B cell,Effector B cell,2,1964,1466,0.9633401221995926,0.9589235917456777,1.0,2000,2
root/T cell,T cell,1,230896,230515,0.9431822119049268,0.9171234559723808,1.0,2000,2
root/T cell/Naive CD4 T cell,Naive CD4 T cell,2,79743,76819,0.95104272475327,0.8275577521917912,1.0,2000,2
root/T cell/Memory CD4 T cell,Memory CD4 T cell,2,60846,56470,0.8479111198764093,0.8498266828121647,1.0,2000,2
root/T cell/Treg,Treg,2,7706,6914,0.897093174150013,0.7716887729288492,1.0,2000,2
root/T cell/Naive CD8 T cell,Naive CD8 T cell,2,28237,27732,0.9638063533661508,0.7975389837086154,1.0,2000,2
root/T cell/Memory CD8 T cell,Memory CD8 T cell,2,35326,32510,0.8873634150484063,0.8451176916137687,1.0,2000,2
root/T cell/gdT,gdT,2,9305,7937,0.8955400322407308,0.9052748849359576,1.0,2000,2
root/T cell/MAIT,MAIT,2,7802,7497,0.9378364521917456,0.6843821810330118,1.0,2000,2
root/NK cell,NK cell,1,24689,24199,0.9905625987281784,0.9506968644710468,1.0,2000,2
root/NK cell/CD56dim NK cell,CD56dim NK cell,2,22300,21729,0.9369058295964126,0.856378683837661,1.0,2000,2
root/Monocyte,Monocyte,1,52808,52621,0.9715573397970004,0.8577071182418431,1.0,2000,2
root/Monocyte/CD14 monocyte,CD14 monocyte,2,44470,43702,0.94551382954801,0.8702468077763377,1.0,2000,2
root/Monocyte/CD16 monocyte,CD16 monocyte,2,6565,6380,0.9398324447829398,0.8859997429157179,1.0,2000,2
root/DC,DC,1,4190,4008,0.9973747016706443,0.9851333730215956,1.0,2000,2
root/DC/cDC2,cDC2,2,2344,2165,0.8186860068259386,0.7932900602667822,1.0,2000,2
root/Progenitor cell/Progenitor cell,Progenitor cell,2,223,220,0.9865470852017936,0.9776408517052948,1.0,2000,2
root,root,0,339759,339759,0.9478394979971098,0.4641702500711286,1.0,10,3
root/B cell,B cell,1,31110,30021,0.6088074574091932,0.4262594605585663,1.0,10,3
root/B cell/Naive B cell,Naive B cell,2,16611,13798,0.9854915417494432,0.8708746213771966,1.0,10,3
root/B cell/Memory B cell,Memory B cell,2,9316,4193,0.8474667239158437,0.2633049002882522,1.0,10,3
root/B cell/Effector B cell,Effector B cell,2,2256,37,0.8679078014184397,0.8531121637447344,1.0,10,3
root/T cell,T cell,1,208783,201829,0.7355292337019776,0.5653901550275021,1.0,10,3
root/T cell/Naive CD4 T cell,Naive CD4 T cell,2,63950,51687,0.9142924159499608,0.6658097087465965,1.0,10,3
root/T cell/Memory CD4 T cell,Memory CD4 T cell,2,60568,34122,0.6746466781138555,0.4839988122915214,1.0,10,3
root/T cell/Treg,Treg,2,7311,12,0.8005744768157571,0.4981776215705761,1.0,10,3
root/T cell/Naive CD8 T cell,Naive CD8 T cell,2,20907,18064,0.950542880374994,0.6381292306543002,1.0,10,3
root/T cell/Memory CD8 T cell,Memory CD8 T cell,2,34510,29219,0.7413213561286583,0.4800120690096756,1.0,10,3
root/T cell/gdT,gdT,2,8281,5831,0.7990580847723705,0.7269669032247852,1.0,10,3
root/T cell/MAIT,MAIT,2,11528,8718,0.9472588480222068,0.4763831036534665,1.0,10,3
root/NK cell,NK cell,1,28900,25271,0.9660553633217992,0.8064920134012256,1.0,10,3
root/NK cell/CD56dim NK cell,CD56dim NK cell,2,26210,22524,0.8737123235406333,0.6154751903147351,1.0,10,3
root/Monocyte,Monocyte,1,63995,63417,0.9480740682865848,0.6454327070476239,1.0,10,3
root/Monocyte/CD14 monocyte,CD14 monocyte,2,52219,51611,0.9275934046994389,0.5575578148802618,1.0,10,3
root/Monocyte/CD16 monocyte,CD16 monocyte,2,9172,8499,0.9271696467509812,0.823907763296706,1.0,10,3
root/DC,DC,1,4713,1499,0.9847231063017188,0.8998079565261046,1.0,10,3
root/DC/cDC2,cDC2,2,3007,1063,0.724975058197539,0.6850526534154103,1.0,10,3
root/Progenitor cell/Progenitor cell,Progenitor cell,2,329,0,0.9544072948328268,0.9453749569094332,,10,3
root,root,0,339759,339759,0.9727365573833217,0.7808045241532962,1.0,25,3
root/B cell,B cell,1,31110,30855,0.6861137897782064,0.5603446769199931,1.0,25,3
root/B cell/Naive B cell,Naive B cell,2,16611,14545,0.9884413942568178,0.8996588798584073,1.0,25,3
root/B cell/Memory B cell,Memory B cell,2,9316,5635,0.8572348647488193,0.4310523863779526,1.0,25,3
root/B cell/Effector B cell,Effector B cell,2,2256,174,0.8851950354609929,0.8747669981256972,1.0,25,3
root/T cell,T cell,1,208783,204485,0.8362222977924448,0.6725047431711828,1.0,25,3
root/T cell/Naive CD4 T cell,Naive CD4 T cell,2,63950,58637,0.9231430805316654,0.7231147631035116,1.0,25,3
root/T cell/Memory CD4 T cell,Memory CD4 T cell,2,60568,46787,0.7158565579183728,0.648469922193301,1.0,25,3
root/T cell/Treg,Treg,2,7311,61,0.8312132403228013,0.6522783317640141,1.0,25,3
root/T cell/Naive CD8 T cell,Naive CD8 T cell,2,20907,19408,0.952551776916822,0.6798994719141335,1.0,25,3
root/T cell/Memory CD8 T cell,Memory CD8 T cell,2,34510,30227,0.7607939727615184,0.5385625410053364,1.0,25,3
root/T cell/gdT,gdT,2,8281,6026,0.85810892404299,0.8084317244874285,1.0,25,3
root/T cell/MAIT,MAIT,2,11528,9165,0.9476925746009716,0.5050056950229159,1.0,25,3
root/NK cell,NK cell,1,28900,25391,0.975847750865052,0.9071046030462256,1.0,25,3
root/NK cell/CD56dim NK cell,CD56dim NK cell,2,26210,22701,0.9000763067531476,0.708592294879022,1.0,25,3
root/Monocyte,Monocyte,1,63995,63757,0.95229314790218,0.6843440176082375,1.0,25,3
root/Monocyte/CD14 monocyte,CD14 monocyte,2,52219,51795,0.9415538405561196,0.7515395598450859,1.0,25,3
root/Monocyte/CD16 monocyte,CD16 monocyte,2,9172,8769,0.9398168338421282,0.8513922918883221,1.0,25,3
root/DC,DC,1,4713,4187,0.993634627625716,0.9635318290746606,1.0,25,3
root/DC/cDC2,cDC2,2,3007,2515,0.7978051213834386,0.7986163893058711,1.0,25,3
root/Progenitor cell/Progenitor cell,Progenitor cell,2,329,117,0.9635258358662614,0.9543042976825736,1.0,25,3
root,root,0,339759,339759,0.9906080486462464,0.88573787614329,1.0,50,3
root/B cell,B cell,1,31110,31022,0.7191578270652523,0.6121854208992444,1.0,50,3
root/B cell/Naive B cell,Naive B cell,2,16611,14539,0.9896454156883993,0.9097561314580564,1.0,50,3
root/B cell/Memory B cell,Memory B cell,2,9316,6393,0.8664662945470158,0.4853160159743874,1.0,50,3
root/B cell/Effector B cell,Effector B cell,2,2256,301,0.917109929078014,0.9106409180767056,1.0,50,3
root/T cell,T cell,1,208783,207934,0.8771260112173884,0.7847996591227788,1.0,50,3
root/T cell/Naive CD4 T cell,Naive CD4 T cell,2,63950,59299,0.928068803752932,0.7479233195953471,1.0,50,3
root/T cell/Memory CD4 T cell,Memory CD4 T cell,2,60568,52254,0.7782492405230484,0.7765606258021729,1.0,50,3
root/T cell/Treg,Treg,2,7311,1251,0.8539187525646287,0.6918005701092502,1.0,50,3
root/T cell/Naive CD8 T cell,Naive CD8 T cell,2,20907,19647,0.9554694599894772,0.7185077656504381,1.0,50,3
root/T cell/Memory CD8 T cell,Memory CD8 T cell,2,34510,31283,0.7720081135902637,0.5604252221400465,1.0,50,3
root/T cell/gdT,gdT,2,8281,7086,0.895302499698104,0.8659364980583297,1.0,50,3
root/T cell/MAIT,MAIT,2,11528,10554,0.9527238029146426,0.6097418821515946,1.0,50,3
root/NK cell,NK cell,1,28900,27540,0.9826297577854672,0.9363941946451692,1.0,50,3
root/NK cell/CD56dim NK cell,CD56dim NK cell,2,26210,24777,0.910148798168638,0.7520898251624109,1.0,50,3
root/Monocyte,Monocyte,1,63995,63784,0.9554340182826784,0.7233952238350327,1.0,50,3
root/Monocyte/CD14 monocyte,CD14 monocyte,2,52219,51765,0.9488500354277178,0.7898011833166595,1.0,50,3
root/Monocyte/CD16 monocyte,CD16 monocyte,2,9172,8820,0.9513737461840384,0.8806460203718146,1.0,50,3
root/DC,DC,1,4713,4242,0.9959685974962867,0.975662804853943,1.0,50,3
root/DC/cDC2,cDC2,2,3007,2564,0.845360824742268,0.8323179883080895,1.0,50,3
root/Progenitor cell/Progenitor cell,Progenitor cell,2,329,271,0.9787234042553192,0.9790970494134376,1.0,50,3
root,root,0,339759,339759,0.9933894319208616,0.9195211521036176,1.0,100,3
root/B cell,B cell,1,31110,31086,0.8317582770813243,0.7120419962880848,1.0,100,3
root/B cell/Naive B cell,Naive B cell,2,16611,15490,0.9905484317620854,0.9172175099390176,1.0,100,3
root/B cell/Memory B cell,Memory B cell,2,9316,8495,0.877844568484328,0.5819044739278956,1.0,100,3
root/B cell/Effector B cell,Effector B cell,2,2256,519,0.9463652482269505,0.9422090898062904,1.0,100,3
root/T cell,T cell,1,208783,208242,0.8998721160247721,0.8423132609989871,1.0,100,3
root/T cell/Naive CD4 T cell,Naive CD4 T cell,2,63950,59945,0.9328225175918686,0.7724224968487321,1.0,100,3
root/T cell/Memory CD4 T cell,Memory CD4 T cell,2,60568,53732,0.8037907806102232,0.8069248011629322,1.0,100,3
root/T cell/Treg,Treg,2,7311,3442,0.8819586923813432,0.7441824118586265,1.0,100,3
root/T cell/Naive CD8 T cell,Naive CD8 T cell,2,20907,19782,0.957908834361697,0.7445288299654838,1.0,100,3
root/T cell/Memory CD8 T cell,Memory CD8 T cell,2,34510,31550,0.8128658359895682,0.7129008472654044,1.0,100,3
root/T cell/gdT,gdT,2,8281,7042,0.9251298152397054,0.9158110410740242,1.0,100,3
root/T cell/MAIT,MAIT,2,11528,10745,0.9577550312283136,0.6679052466987292,1.0,100,3
root/NK cell,NK cell,1,28900,27964,0.9848096885813148,0.9429274166700948,1.0,100,3
root/NK cell/CD56dim NK cell,CD56dim NK cell,2,26210,25189,0.927775658145746,0.8086621712962206,1.0,100,3
root/Monocyte,Monocyte,1,63995,63779,0.9637471677474804,0.8138967842241688,1.0,100,3
root/Monocyte/CD14 monocyte,CD14 monocyte,2,52219,51552,0.9548057220551908,0.8172269508530632,1.0,100,3
root/Monocyte/CD16 monocyte,CD16 monocyte,2,9172,8917,0.9605320540776277,0.9040362548217896,1.0,100,3
root/DC,DC,1,4713,4328,0.9963929556545724,0.9784772191229156,1.0,100,3
root/DC/cDC2,cDC2,2,3007,2646,0.8490189557698703,0.8300232464348266,1.0,100,3
root/Progenitor cell/Progenitor cell,Progenitor cell,2,329,306,0.9878419452887538,0.9882247392620837,1.0,100,3
root,root,0,339759,339759,0.9967123755367776,0.948172405764782,1.0,200,3
root/B cell,B cell,1,31110,31101,0.8586628093860496,0.7736884261942908,1.0,200,3
root/B cell/Naive B cell,Naive B cell,2,16611,15705,0.9906688339052436,0.9201721589294912,1.0,200,3
root/B cell/Memory B cell,Memory B cell,2,9316,8475,0.9023185916702448,0.7064294404584628,1.0,200,3
root/B cell/Effector B cell,Effector B cell,2,2256,839,0.9570035460992908,0.9536954337212572,1.0,200,3
root/T cell,T cell,1,208783,208606,0.9194905715503656,0.8830383221147979,1.0,200,3
root/T cell/Naive CD4 T cell,Naive CD4 T cell,2,63950,60479,0.9354182955433932,0.789233337498063,1.0,200,3
root/T cell/Memory CD4 T cell,Memory CD4 T cell,2,60568,54807,0.8267567032096156,0.828197007822381,1.0,200,3
root/T cell/Treg,Treg,2,7311,5271,0.8857885378197237,0.7433070229959334,1.0,200,3
root/T cell/Naive CD8 T cell,Naive CD8 T cell,2,20907,19901,0.9599655617735686,0.7662430337356357,1.0,200,3
root/T cell/Memory CD8 T cell,Memory CD8 T cell,2,34510,31995,0.8429150970733121,0.8032166043708964,1.0,200,3
root/T cell/gdT,gdT,2,8281,7228,0.9315300084530854,0.9278521332733628,1.0,200,3
root/T cell/MAIT,MAIT,2,11528,10878,0.9622657876474672,0.7111851480682215,1.0,200,3
root/NK cell,NK cell,1,28900,28540,0.9877854671280276,0.9543644941784534,1.0,200,3
root/NK cell/CD56dim NK cell,CD56dim NK cell,2,26210,25734,0.938992750858451,0.8394814661518925,1.0,200,3
root/Monocyte,Monocyte,1,63995,63827,0.9665130088288147,0.8364212574433237,1.0,200,3
root/Monocyte/CD14 monocyte,CD14 monocyte,2,52219,51586,0.9594783507918574,0.8313078467437459,1.0,200,3
root/Monocyte/CD16 monocyte,CD16 monocyte,2,9172,8910,0.9615133013519408,0.9073487516190384,1.0,200,3
root/DC,DC,1,4713,4400,0.996817313812858,0.9818832050241988,1.0,200,3
root/DC/cDC2,cDC2,2,3007,2699,0.8619886930495511,0.8409896305245143,1.0,200,3
root/Progenitor cell/Progenitor cell,Progenitor cell,2,329,323,0.9908814589665652,0.9912095885250248,1.0,200,3
root,root,0,339759,339759,0.9970008152837748,0.9523601114754102,1.0,300,3
root/B cell,B cell,1,31110,31103,0.8709418193506911,0.7972065259835556,1.0,300,3
root/B cell/Naive B cell,Naive B cell,2,16611,15826,0.9904882306905064,0.91854825895351,1.0,300,3
root/B cell/Memory B cell,Memory B cell,2,9316,8513,0.902211249463289,0.718267948461762,1.0,300,3
root/B cell/Effector B cell,Effector B cell,2,2256,1001,0.9654255319148936,0.962850085502565,1.0,300,3
root/T cell,T cell,1,208783,208622,0.926325419215166,0.8947273609290877,1.0,300,3
root/T cell/Naive CD4 T cell,Naive CD4 T cell,2,63950,60681,0.9362157935887412,0.7936959600285532,1.0,300,3
root/T cell/Memory CD4 T cell,Memory CD4 T cell,2,60568,55362,0.837059173160745,0.8376510194115105,1.0,300,3
root/T cell/Treg,Treg,2,7311,5625,0.8915333059772945,0.7504809871233489,1.0,300,3
root/T cell/Naive CD8 T cell,Naive CD8 T cell,2,20907,19982,0.9607308556942652,0.7602001584261687,1.0,300,3
root/T cell/Memory CD8 T cell,Memory CD8 T cell,2,34510,32108,0.8571718342509418,0.8221459782474699,1.0,300,3
root/T cell/gdT,gdT,2,8281,7223,0.938654751841565,0.9359672272613936,1.0,300,3
root/T cell/MAIT,MAIT,2,11528,10973,0.9652151283830672,0.7362977235874797,1.0,300,3
root/NK cell,NK cell,1,28900,28586,0.9899307958477508,0.9565396303587758,1.0,300,3
root/NK cell/CD56dim NK cell,CD56dim NK cell,2,26210,25790,0.942312094620374,0.8508263458634874,1.0,300,3
root/Monocyte,Monocyte,1,63995,63813,0.9687944370653956,0.8513282909009279,1.0,300,3
root/Monocyte/CD14 monocyte,CD14 monocyte,2,52219,51549,0.960895459507076,0.835811280423535,1.0,300,3
root/Monocyte/CD16 monocyte,CD16 monocyte,2,9172,8951,0.963802878325338,0.912587694920576,1.0,300,3
root/DC,DC,1,4713,4444,0.9970294928920008,0.9840657506018852,1.0,300,3
root/DC/cDC2,cDC2,2,3007,2741,0.8666444961755903,0.8425372261407634,1.0,300,3
root/Progenitor cell/Progenitor cell,Progenitor cell,2,329,324,0.993920972644377,0.984855047565838,1.0,300,3
root,root,0,339759,339759,0.997265708928976,0.9547147527079012,1.0,500,3
root/B cell,B cell,1,31110,31108,0.8909996785599485,0.8362009328007242,1.0,500,3
root/B cell/Naive B cell,Naive B cell,2,16611,15892,0.9904882306905064,0.9194841044381424,1.0,500,3
root/B cell/Memory B cell,Memory B cell,2,9316,8604,0.903606698153714,0.7220898203488437,1.0,500,3
root/B cell/Effector B cell,Effector B cell,2,2256,1277,0.9587765957446808,0.9557830433804914,1.0,500,3
root/T cell,T cell,1,208783,208644,0.9341660958986124,0.9093455339166254,1.0,500,3
root/T cell/Naive CD4 T cell,Naive CD4 T cell,2,63950,61005,0.940281469898358,0.8100769689611811,1.0,500,3
root/T cell/Memory CD4 T cell,Memory CD4 T cell,2,60568,55664,0.8486164311187425,0.8505131972869456,1.0,500,3
root/T cell/Treg,Treg,2,7311,6075,0.8912597455888387,0.7446577171560603,1.0,500,3
root/T cell/Naive CD8 T cell,Naive CD8 T cell,2,20907,20147,0.9612569952647438,0.7733215864112544,1.0,500,3
root/T cell/Memory CD8 T cell,Memory CD8 T cell,2,34510,32332,0.8683859750796871,0.8373042704243074,1.0,500,3
root/T cell/gdT,gdT,2,8281,7270,0.938654751841565,0.931956646034194,1.0,500,3
root/T cell/MAIT,MAIT,2,11528,11065,0.9642609299097848,0.7436016330831844,1.0,500,3
root/NK cell,NK cell,1,28900,28638,0.9910034602076124,0.9558514852487132,1.0,500,3
root/NK cell/CD56dim NK cell,CD56dim NK cell,2,26210,25837,0.9454406714994276,0.856960058144075,1.0,500,3
root/Monocyte,Monocyte,1,63995,63791,0.9703570591452456,0.8596276577464265,1.0,500,3
root/Monocyte/CD14 monocyte,CD14 monocyte,2,52219,51558,0.9636339263486472,0.8448366553651142,1.0,500,3
root/Monocyte/CD16 monocyte,CD16 monocyte,2,9172,8960,0.96238552115133,0.910476573026464,1.0,500,3
root/DC,DC,1,4713,4469,0.9980903882877148,0.9882833215225536,1.0,500,3
root/DC/cDC2,cDC2,2,3007,2764,0.8643165946125707,0.840135779871298,1.0,500,3
root/Progenitor cell/Progenitor cell,Progenitor cell,2,329,324,0.993920972644377,0.984855047565838,1.0,500,3
root,root,0,339759,339759,0.9971479784199976,0.9582150615039426,1.0,1000,3
root/B cell,B cell,1,31110,31109,0.9059787849566056,0.8664391946261606,1.0,1000,3
root/B cell/Naive B cell,Naive B cell,2,16611,15919,0.9898862199747156,0.915678755908066,1.0,1000,3
root/B cell/Memory B cell,Memory B cell,2,9316,8604,0.9062902533276084,0.7320163678178513,1.0,1000,3
root/B cell/Effector B cell,Effector B cell,2,2256,1531,0.9605496453900708,0.9574926363038004,1.0,1000,3
root/T cell,T cell,1,208783,208622,0.9423516282455948,0.9194509082227544,1.0,1000,3
root/T cell/Naive CD4 T cell,Naive CD4 T cell,2,63950,61237,0.9408600469116496,0.8130492622665494,1.0,1000,3
root/T cell/Memory CD4 T cell,Memory CD4 T cell,2,60568,56327,0.8566239598467837,0.8567711787204717,1.0,1000,3
root/T cell/Treg,Treg,2,7311,6385,0.884420735877445,0.7509328348845733,1.0,1000,3
root/T cell/Naive CD8 T cell,Naive CD8 T cell,2,20907,20339,0.9622136126656144,0.7865137487538248,1.0,1000,3
root/T cell/Memory CD8 T cell,Memory CD8 T cell,2,34510,32517,0.8762967255867864,0.8442344080090521,1.0,1000,3
root/T cell/gdT,gdT,2,8281,7298,0.9358773095036832,0.9304918187686084,1.0,1000,3
root/T cell/MAIT,MAIT,2,11528,11109,0.9569743233865372,0.6918029089641312,1.0,1000,3
root/NK cell,NK cell,1,28900,28648,0.9894809688581316,0.9487971376356265,1.0,1000,3
root/NK cell/CD56dim NK cell,CD56dim NK cell,2,26210,25824,0.9465089660434948,0.8592365509070691,1.0,1000,3
root/Monocyte,Monocyte,1,63995,63769,0.9724040940698492,0.87574368933894,1.0,1000,3
root/Monocyte/CD14 monocyte,CD14 monocyte,2,52219,51408,0.9656255385970623,0.8506633709254072,1.0,1000,3
root/Monocyte/CD16 monocyte,CD16 monocyte,2,9172,9023,0.9616223288268644,0.9091137429980086,1.0,1000,3
root/DC,DC,1,4713,4452,0.9987269255251432,0.9918165285916346,1.0,1000,3
root/DC/cDC2,cDC2,2,3007,2747,0.8553375457266379,0.8342597909372994,1.0,1000,3
root/Progenitor cell/Progenitor cell,Progenitor cell,2,329,325,0.993920972644377,0.9941123696310418,1.0,1000,3
root,root,0,339759,339759,0.997059680538264,0.963567985650369,1.0,2000,3
root/B cell,B cell,1,31110,31110,0.9186756669881068,0.8896660849421826,1.0,2000,3
root/B cell/Naive B cell,Naive B cell,2,16611,15940,0.9874781771115526,0.8977197563098347,1.0,2000,3
root/B cell/Memory B cell,Memory B cell,2,9316,8643,0.9038213825676256,0.7437515056025091,1.0,2000,3
root/B cell/Effector B cell,Effector B cell,2,2256,1679,0.9605496453900708,0.9575143670225968,1.0,2000,3
root/T cell,T cell,1,208783,208604,0.9443920242548484,0.9184580282761968,1.0,2000,3
root/T cell/Naive CD4 T cell,Naive CD4 T cell,2,63950,61368,0.9408913213448006,0.8085138970380795,1.0,2000,3
root/T cell/Memory CD4 T cell,Memory CD4 T cell,2,60568,56408,0.8607350416061287,0.856426473465716,1.0,2000,3
root/T cell/Treg,Treg,2,7311,6550,0.8875666803446861,0.7926712626031883,1.0,2000,3
root/T cell/Naive CD8 T cell,Naive CD8 T cell,2,20907,20404,0.9602047161237864,0.7846265511857006,1.0,2000,3
root/T cell/Memory CD8 T cell,Memory CD8 T cell,2,34510,32514,0.8753694581280789,0.8418076146401129,1.0,2000,3
root/T cell/gdT,gdT,2,8281,7281,0.9358773095036832,0.9354100494890014,1.0,2000,3
root/T cell/MAIT,MAIT,2,11528,11115,0.9407529493407356,0.6509385975121899,1.0,2000,3
root/NK cell,NK cell,1,28900,28656,0.9919723183391004,0.9617089575562008,1.0,2000,3
root/NK cell/CD56dim NK cell,CD56dim NK cell,2,26210,25876,0.9388019839755818,0.8219268877748425,1.0,2000,3
root/Monocyte,Monocyte,1,63995,63738,0.9719821861082896,0.8773330899564594,1.0,2000,3
root/Monocyte/CD14 monocyte,CD14 monocyte,2,52219,51320,0.9646871828261744,0.8469635989474077,1.0,2000,3
root/Monocyte/CD16 monocyte,CD16 monocyte,2,9172,8990,0.9506105538595726,0.8835860678665245,1.0,2000,3
root/DC,DC,1,4713,4450,0.9983025673668576,0.9889077675514152,1.0,2000,3
root/DC/cDC2,cDC2,2,3007,2745,0.8127702028599934,0.7773495377168196,1.0,2000,3
root/Progenitor cell/Progenitor cell,Progenitor cell,2,329,325,0.9969604863221884,0.9970698628416748,1.0,2000,3
root,root,0,350921,350921,0.9431182516862768,0.4601293851253498,1.0,10,4
root/B cell,B cell,1,34388,33246,0.6096312667209491,0.4182744520618143,1.0,10,4
root/B cell/Naive B cell,Naive B cell,2,18538,15635,0.9788003020822096,0.8801317560632236,1.0,10,4
root/B cell/Memory B cell,Memory B cell,2,10380,4474,0.8291907514450867,0.2417407358989231,1.0,10,4
root/B cell/Effector B cell,Effector B cell,2,2347,45,0.8593949723050703,0.8358424005656528,1.0,10,4
root/T cell,T cell,1,219898,211692,0.7470872859234736,0.5582387323682172,1.0,10,4
root/T cell/Naive CD4 T cell,Naive CD4 T cell,2,72816,61431,0.9343825532849924,0.7331883908564762,1.0,10,4
root/T cell/Memory CD4 T cell,Memory CD4 T cell,2,56523,30297,0.6591476036303806,0.4826936995558163,1.0,10,4
root/T cell/Treg,Treg,2,7381,13,0.815878607234792,0.472702385458418,1.0,10,4
root/T cell/Naive CD8 T cell,Naive CD8 T cell,2,28684,24982,0.961372193557384,0.6484520231972817,1.0,10,4
root/T cell/Memory CD8 T cell,Memory CD8 T cell,2,30059,24762,0.773312485445291,0.4934253418171956,1.0,10,4
root/T cell/gdT,gdT,2,13514,9380,0.7736421488826403,0.7238486092709081,1.0,10,4
root/T cell/MAIT,MAIT,2,8629,6324,0.9389268744929888,0.4734921408082636,1.0,10,4
root/NK cell,NK cell,1,31614,27295,0.9700132852533688,0.8248187177841905,1.0,10,4
root/NK cell/CD56dim NK cell,CD56dim NK cell,2,29188,24835,0.8698095107578457,0.6579190754472583,1.0,10,4
root/Monocyte,Monocyte,1,57969,57345,0.9441253083544652,0.6450273433197306,1.0,10,4
root/Monocyte/CD14 monocyte,CD14 monocyte,2,46154,45365,0.894635351215496,0.6684088871821414,1.0,10,4
root/Monocyte/CD16 monocyte,CD16 monocyte,2,9406,8747,0.9103763555177546,0.8417791497024795,1.0,10,4
root/DC,DC,1,4643,1377,0.9827697609304328,0.9078949842127572,1.0,10,4
root/DC/cDC2,cDC2,2,2803,938,0.738851230824117,0.7303818452289307,1.0,10,4
root/Progenitor cell/Progenitor cell,Progenitor cell,2,264,0,0.9393939393939394,0.9288022655338998,,10,4
root,root,0,350921,350921,0.9689673744233032,0.6942795228742793,1.0,25,4
root/B cell,B cell,1,34388,34283,0.6959695242526462,0.5653591191125535,1.0,25,4
root/B cell/Naive B cell,Naive B cell,2,18538,16606,0.9836012514834396,0.9109649868677134,1.0,25,4
root/B cell/Memory B cell,Memory B cell,2,10380,6295,0.8377649325626204,0.4134886480012135,1.0,25,4
root/B cell/Effector B cell,Effector B cell,2,2347,206,0.8713250958670643,0.8542655646023521,1.0,25,4
root/T cell,T cell,1,219898,214612,0.8414264795496094,0.6836791276297786,1.0,25,4
root/T cell/Naive CD4 T cell,Naive CD4 T cell,2,72816,66709,0.940768512414854,0.7734110118035145,1.0,25,4
root/T cell/Memory CD4 T cell,Memory CD4 T cell,2,56523,43937,0.7070926879323461,0.662782925158979,1.0,25,4
root/T cell/Treg,Treg,2,7381,61,0.8489364584744614,0.6530138461534237,1.0,25,4
root/T cell/Naive CD8 T cell,Naive CD8 T cell,2,28684,26825,0.96388230372333,0.7112077901815645,1.0,25,4
root/T cell/Memory CD8 T cell,Memory CD8 T cell,2,30059,25535,0.7940051232575934,0.5511018261378989,1.0,25,4
root/T cell/gdT,gdT,2,13514,9737,0.8355039218588131,0.8065636110368218,1.0,25,4
root/T cell/MAIT,MAIT,2,8629,6792,0.943678294124464,0.5084913058941362,1.0,25,4
root/NK cell,NK cell,1,31614,27631,0.9780477003859048,0.905592798528029,1.0,25,4
root/NK cell/CD56dim NK cell,CD56dim NK cell,2,29188,25230,0.896532821707551,0.7522156481500422,1.0,25,4
root/Monocyte,Monocyte,1,57969,57703,0.9476789318428815,0.6852443627391236,1.0,25,4
root/Monocyte/CD14 monocyte,CD14 monocyte,2,46154,45480,0.9146986176712744,0.7593567845668296,1.0,25,4
root/Monocyte/CD16 monocyte,CD16 monocyte,2,9406,9046,0.9266425685732512,0.8713626436575543,1.0,25,4
root/DC,DC,1,4643,4190,0.9933232823605428,0.962552372884388,1.0,25,4
root/DC/cDC2,cDC2,2,2803,2389,0.7977167320727792,0.7928214367165007,1.0,25,4
root/Progenitor cell/Progenitor cell,Progenitor cell,2,264,87,0.9772727272727272,0.9809919809919808,1.0,25,4
root,root,0,350921,350921,0.9904280450585744,0.8981378350666055,1.0,50,4
root/B cell,B cell,1,34388,34332,0.7187681749447482,0.6014924162717473,1.0,50,4
root/B cell/Naive B cell,Naive B cell,2,18538,16699,0.9847340597691228,0.917853895209913,1.0,50,4
root/B cell/Memory B cell,Memory B cell,2,10380,6768,0.8463391136801541,0.4788956703375995,1.0,50,4
root/B cell/Effector B cell,Effector B cell,2,2347,289,0.9071154665530464,0.8970154889593461,1.0,50,4
root/T cell,T cell,1,219898,218877,0.8760061483051232,0.7890264329669738,1.0,50,4
root/T cell/Naive CD4 T cell,Naive CD4 T cell,2,72816,67703,0.9477587343441002,0.8038806345359882,1.0,50,4
root/T cell/Memory CD4 T cell,Memory CD4 T cell,2,56523,48247,0.7779311076906746,0.7882511431490421,1.0,50,4
root/T cell/Treg,Treg,2,7381,1140,0.8716976019509551,0.6850910234030994,1.0,50,4
root/T cell/Naive CD8 T cell,Naive CD8 T cell,2,28684,27237,0.9661483754009204,0.750784971714627,1.0,50,4
root/T cell/Memory CD8 T cell,Memory CD8 T cell,2,30059,26523,0.8044179779766459,0.5669612215800578,1.0,50,4
root/T cell/gdT,gdT,2,13514,11580,0.8629569335503922,0.8472918831886324,1.0,50,4
root/T cell/MAIT,MAIT,2,8629,7910,0.9481979371885504,0.614674336756064,1.0,50,4
root/NK cell,NK cell,1,31614,30132,0.9835515910672488,0.9310944211725276,1.0,50,4
root/NK cell/CD56dim NK cell,CD56dim NK cell,2,29188,27591,0.9185281622584625,0.8122070292572473,1.0,50,4
root/Monocyte,Monocyte,1,57969,57740,0.9506460349497146,0.7208202930629333,1.0,50,4
root/Monocyte/CD14 monocyte,CD14 monocyte,2,46154,45449,0.9233652554491484,0.7815016524101721,1.0,50,4
root/Monocyte/CD16 monocyte,CD16 monocyte,2,9406,9100,0.9366361896661706,0.8903992625756505,1.0,50,4
root/DC,DC,1,4643,4284,0.9954770622442386,0.9742685539614122,1.0,50,4
root/DC/cDC2,cDC2,2,2803,2469,0.8305387085265786,0.8232625689888468,1.0,50,4
root/Progenitor cell/Progenitor cell,Progenitor cell,2,264,228,0.9848484848484848,0.9873279873279872,1.0,50,4
root,root,0,350921,350921,0.993106710627178,0.9324392206969918,1.0,100,4
root/B cell,B cell,1,34388,34367,0.8252006513900197,0.704340282985458,1.0,100,4
root/B cell/Naive B cell,Naive B cell,2,18538,17179,0.9850577192793182,0.920346147983264,1.0,100,4
root/B cell/Memory B cell,Memory B cell,2,10380,9414,0.8552023121387283,0.5699693182679293,1.0,100,4
root/B cell/Effector B cell,Effector B cell,2,2347,542,0.9348103962505326,0.9281618721033216,1.0,100,4
root/T cell,T cell,1,219898,219153,0.8985484179028459,0.8491027703650605,1.0,100,4
root/T cell/Naive CD4 T cell,Naive CD4 T cell,2,72816,68401,0.9512607119314436,0.8230170937228495,1.0,100,4
root/T cell/Memory CD4 T cell,Memory CD4 T cell,2,56523,49454,0.8031774675795694,0.8111023959353776,1.0,100,4
root/T cell/Treg,Treg,2,7381,3401,0.8929684324617261,0.7308182612557538,1.0,100,4
root/T cell/Naive CD8 T cell,Naive CD8 T cell,2,28684,27547,0.9686933482080602,0.7766549503265168,1.0,100,4
root/T cell/Memory CD8 T cell,Memory CD8 T cell,2,30059,26750,0.8190891247213813,0.6991697263960472,1.0,100,4
root/T cell/gdT,gdT,2,13514,11701,0.885452123723546,0.8782623214964596,1.0,100,4
root/T cell/MAIT,MAIT,2,8629,8049,0.9519063622667748,0.6758699734618151,1.0,100,4
root/NK cell,NK cell,1,31614,30645,0.985196431960524,0.9373548228651044,1.0,100,4
root/NK cell/CD56dim NK cell,CD56dim NK cell,2,29188,28089,0.93552144717007,0.8485513207423714,1.0,100,4
root/Monocyte,Monocyte,1,57969,57755,0.9584778071037968,0.7976300182050068,1.0,100,4
root/Monocyte/CD14 monocyte,CD14 monocyte,2,46154,45366,0.9312085626381246,0.803942186200786,1.0,100,4
root/Monocyte/CD16 monocyte,CD16 monocyte,2,9406,9154,0.9516266213055496,0.9173444941275548,1.0,100,4
root/DC,DC,1,4643,4327,0.997415464139565,0.986009505825834,1.0,100,4
root/DC/cDC2,cDC2,2,2803,2510,0.8391009632536568,0.8329453170103833,1.0,100,4
root/Progenitor cell/Progenitor cell,Progenitor cell,2,264,248,1.0,1.0,1.0,100,4
root,root,0,350921,350921,0.996765653808122,0.9599475512968884,1.0,200,4
root/B cell,B cell,1,34388,34385,0.8475631034081657,0.7601253595708762,1.0,200,4
root/B cell/Naive B cell,Naive B cell,2,18538,17340,0.9867839033336928,0.930696543372206,1.0,200,4
root/B cell/Memory B cell,Memory B cell,2,10380,9338,0.8779383429672447,0.677230428215066,1.0,200,4
root/B cell/Effector B cell,Effector B cell,2,2347,800,0.9505752023860248,0.9453296063358956,1.0,200,4
root/T cell,T cell,1,219898,219647,0.9166750038654286,0.8858558127159766,1.0,200,4
root/T cell/Naive CD4 T cell,Naive CD4 T cell,2,72816,68641,0.9522632388486048,0.8324937271224524,1.0,200,4
root/T cell/Memory CD4 T cell,Memory CD4 T cell,2,56523,50542,0.8231870212126037,0.8314410055876513,1.0,200,4
root/T cell/Treg,Treg,2,7381,5307,0.9025877252404824,0.7431951818150505,1.0,200,4
root/T cell/Naive CD8 T cell,Naive CD8 T cell,2,28684,27721,0.9697392274438712,0.7809055056368411,1.0,200,4
root/T cell/Memory CD8 T cell,Memory CD8 T cell,2,30059,27258,0.8581789148008916,0.8057542211667831,1.0,200,4
root/T cell/gdT,gdT,2,13514,11973,0.9023975136895072,0.9106821152167583,1.0,200,4
root/T cell/MAIT,MAIT,2,8629,8146,0.9587437710047514,0.7366861186508444,1.0,200,4
root/NK cell,NK cell,1,31614,31265,0.9900360599734296,0.9534168727152846,1.0,200,4
root/NK cell/CD56dim NK cell,CD56dim NK cell,2,29188,28729,0.9441551322461286,0.8728596444265068,1.0,200,4
root/Monocyte,Monocyte,1,57969,57789,0.95937483827563,0.8128240014574519,1.0,200,4
root/Monocyte/CD14 monocyte,CD14 monocyte,2,46154,45294,0.9354552151492828,0.8149045407776015,1.0,200,4
root/Monocyte/CD16 monocyte,CD16 monocyte,2,9406,9156,0.9536466085477356,0.9214183528617356,1.0,200,4
root/DC,DC,1,4643,4382,0.9965539521860866,0.9814678395371178,1.0,200,4
root/DC/cDC2,cDC2,2,2803,2549,0.8572957545486978,0.8383999520339013,1.0,200,4
root/Progenitor cell/Progenitor cell,Progenitor cell,2,264,254,0.9962121212121212,0.9968445898891292,1.0,200,4
root,root,0,350921,350921,0.9970420692976482,0.9651776424941648,1.0,300,4
root/B cell,B cell,1,34388,34387,0.8571885541467954,0.7802642476166259,1.0,300,4
root/B cell/Naive B cell,Naive B cell,2,18538,17420,0.9865141870751968,0.9296045490544422,1.0,300,4
root/B cell/Memory B cell,Memory B cell,2,10380,9337,0.8823699421965318,0.7133901007600261,1.0,300,4
root/B cell/Effector B cell,Effector B cell,2,2347,970,0.945888368129527,0.940092762368634,1.0,300,4
root/T cell,T cell,1,219898,219665,0.9235872995661624,0.897105517846283,1.0,300,4
root/T cell/Naive CD4 T cell,Naive CD4 T cell,2,72816,68927,0.9524555042847724,0.835326019905974,1.0,300,4
root/T cell/Memory CD4 T cell,Memory CD4 T cell,2,56523,50995,0.8335014065070856,0.8419615898640365,1.0,300,4
root/T cell/Treg,Treg,2,7381,5638,0.9051619021812762,0.7309128783621802,1.0,300,4
root/T cell/Naive CD8 T cell,Naive CD8 T cell,2,28684,27820,0.970785106679682,0.7896843686178716,1.0,300,4
root/T cell/Memory CD8 T cell,Memory CD8 T cell,2,30059,27420,0.868126018829635,0.8282350258062122,1.0,300,4
root/T cell/gdT,gdT,2,13514,12054,0.902545508361699,0.9112746665944234,1.0,300,4
root/T cell/MAIT,MAIT,2,8629,8193,0.9603662069764748,0.7504656043876512,1.0,300,4
root/NK cell,NK cell,1,31614,31301,0.991554374644145,0.958350371089334,1.0,300,4
root/NK cell/CD56dim NK cell,CD56dim NK cell,2,29188,28792,0.9502877895025352,0.8838922391863968,1.0,300,4
root/Monocyte,Monocyte,1,57969,57755,0.9617554210008796,0.8303918712782128,1.0,300,4
root/Monocyte/CD14 monocyte,CD14 monocyte,2,46154,45212,0.9403085323048924,0.8297179292500422,1.0,300,4
root/Monocyte/CD16 monocyte,CD16 monocyte,2,9406,9190,0.952902402721667,0.9199232627436944,1.0,300,4
root/DC,DC,1,4643,4436,0.9972000861511954,0.984207230494446,1.0,300,4
root/DC/cDC2,cDC2,2,2803,2602,0.8569389939350696,0.8412416959139426,1.0,300,4
root/Progenitor cell/Progenitor cell,Progenitor cell,2,264,262,1.0,1.0,1.0,300,4
root,root,0,350921,350921,0.9972215968836292,0.9660374911771596,1.0,500,4
root/B cell,B cell,1,34388,34388,0.8750726997789927,0.8165709651966653,1.0,500,4
root/B cell/Naive B cell,Naive B cell,2,18538,17485,0.985758981551408,0.9259622469836092,1.0,500,4
root/B cell/Memory B cell,Memory B cell,2,10380,9438,0.8798651252408478,0.6801967681975297,1.0,500,4
root/B cell/Effector B cell,Effector B cell,2,2347,1280,0.943757988922028,0.9380749678985418,1.0,500,4
root/T cell,T cell,1,219898,219696,0.9313499895406052,0.9076547135699478,1.0,500,4
root/T cell/Naive CD4 T cell,Naive CD4 T cell,2,72816,69194,0.9526203032300592,0.838320711482214,1.0,500,4
root/T cell/Memory CD4 T cell,Memory CD4 T cell,2,56523,51388,0.845903437538701,0.8554897097018642,1.0,500,4
root/T cell/Treg,Treg,2,7381,6143,0.9085489771033736,0.7458262655095753,1.0,500,4
root/T cell/Naive CD8 T cell,Naive CD8 T cell,2,28684,28011,0.9709942825268444,0.7920053626384255,1.0,500,4
root/T cell/Memory CD8 T cell,Memory CD8 T cell,2,30059,27619,0.8785056056422369,0.8389579549758777,1.0,500,4
root/T cell/gdT,gdT,2,13514,12135,0.911425188693207,0.919670155775102,1.0,500,4
root/T cell/MAIT,MAIT,2,8629,8255,0.9595549889906132,0.7530422253313819,1.0,500,4
root/NK cell,NK cell,1,31614,31334,0.9913645853103056,0.95198148315701,1.0,500,4
root/NK cell/CD56dim NK cell,CD56dim NK cell,2,29188,28829,0.9529943812525696,0.8903816092096342,1.0,500,4
root/Monocyte,Monocyte,1,57969,57744,0.962911211164588,0.8395005690598815,1.0,500,4
root/Monocyte/CD14 monocyte,CD14 monocyte,2,46154,45195,0.943775187416042,0.8385430633996922,1.0,500,4
root/Monocyte/CD16 monocyte,CD16 monocyte,2,9406,9190,0.9522645120136084,0.91886963799482,1.0,500,4
root/DC,DC,1,4643,4440,0.9980615981046737,0.9893972741487066,1.0,500,4
root/DC/cDC2,cDC2,2,2803,2610,0.8583660363895826,0.8337660332844016,1.0,500,4
root/Progenitor cell/Progenitor cell,Progenitor cell,2,264,262,1.0,1.0,1.0,500,4
root,root,0,350921,350921,0.9973099358545086,0.9641651658338496,1.0,1000,4
root/B cell,B cell,1,34388,34385,0.8960974758636734,0.860019536877257,1.0,1000,4
root/B cell/Naive B cell,Naive B cell,2,18538,17477,0.982738159456252,0.9126315675370992,1.0,1000,4
root/B cell/Memory B cell,Memory B cell,2,10380,9500,0.8813102119460501,0.7088202144109648,1.0,1000,4
root/B cell/Effector B cell,Effector B cell,2,2347,1606,0.9510012782275244,0.9460654807686736,1.0,1000,4
root/T cell,T cell,1,219898,219681,0.9380167168414448,0.9147281885557628,1.0,1000,4
root/T cell/Naive CD4 T cell,Naive CD4 T cell,2,72816,69455,0.9539386947923534,0.8423339590372049,1.0,1000,4
root/T cell/Memory CD4 T cell,Memory CD4 T cell,2,56523,51852,0.854784777878032,0.8593641299028857,1.0,1000,4
root/T cell/Treg,Treg,2,7381,6437,0.8994716163121528,0.7374007337658094,1.0,1000,4
root/T cell/Naive CD8 T cell,Naive CD8 T cell,2,28684,28207,0.968379584437317,0.7995481076723214,1.0,1000,4
root/T cell/Memory CD8 T cell,Memory CD8 T cell,2,30059,27730,0.8896503543032037,0.857548426858323,1.0,1000,4
root/T cell/gdT,gdT,2,13514,12190,0.9126091460707416,0.9198183784385712,1.0,1000,4
root/T cell/MAIT,MAIT,2,8629,8315,0.9537605748058872,0.7276538237996834,1.0,1000,4
root/NK cell,NK cell,1,31614,31376,0.9901942177516292,0.9468353747615296,1.0,1000,4
root/NK cell/CD56dim NK cell,CD56dim NK cell,2,29188,28862,0.9537481156639714,0.8901297372491034,1.0,1000,4
root/Monocyte,Monocyte,1,57969,57729,0.9659645672687126,0.8622542002417769,1.0,1000,4
root/Monocyte/CD14 monocyte,CD14 monocyte,2,46154,45084,0.944533518221606,0.8452286266995093,1.0,1000,4
root/Monocyte/CD16 monocyte,CD16 monocyte,2,9406,9216,0.9492876887093344,0.913632068834556,1.0,1000,4
root/DC,DC,1,4643,4461,0.9980615981046737,0.989950982908786,1.0,1000,4
root/DC/cDC2,cDC2,2,2803,2630,0.8508740635033892,0.8321833522938209,1.0,1000,4
root/Progenitor cell/Progenitor cell,Progenitor cell,2,264,262,1.0,1.0,1.0,1000,4
root,root,0,350921,350921,0.9972443940374044,0.9671618333485146,1.0,2000,4
root/B cell,B cell,1,34388,34388,0.9074386413865302,0.8806472362818653,1.0,2000,4
root/B cell/Naive B cell,Naive B cell,2,18538,17510,0.981713237673967,0.908295853390268,1.0,2000,4
root/B cell/Memory B cell,Memory B cell,2,10380,9515,0.8739884393063584,0.7127519752481056,1.0,2000,4
root/B cell/Effector B cell,Effector B cell,2,2347,1771,0.9492969748615252,0.9440939133700164,1.0,2000,4
root/T cell,T cell,1,219898,219664,0.9413227951140984,0.9167540928129616,1.0,2000,4
root/T cell/Naive CD4 T cell,Naive CD4 T cell,2,72816,69595,0.952785102175346,0.8338459967599618,1.0,2000,4
root/T cell/Memory CD4 T cell,Memory CD4 T cell,2,56523,52116,0.858482387700582,0.8572099328665972,1.0,2000,4
root/T cell/Treg,Treg,2,7381,6619,0.8971684053651267,0.7598677135347667,1.0,2000,4
root/T cell/Naive CD8 T cell,Naive CD8 T cell,2,28684,28255,0.9669502161483754,0.7896406962800638,1.0,2000,4
root/T cell/Memory CD8 T cell,Memory CD8 T cell,2,30059,27767,0.883961542300143,0.8471970336868022,1.0,2000,4
root/T cell/gdT,gdT,2,13514,12232,0.9097232499630014,0.9239135327282167,1.0,2000,4
root/T cell/MAIT,MAIT,2,8629,8301,0.931394136052845,0.662289498318677,1.0,2000,4
root/NK cell,NK cell,1,31614,31391,0.9910799013095464,0.953001612571363,1.0,2000,4
root/NK cell/CD56dim NK cell,CD56dim NK cell,2,29188,28905,0.9473413731670548,0.8696045211499301,1.0,2000,4
root/Monocyte,Monocyte,1,57969,57705,0.965309044489296,0.8601920064906453,1.0,2000,4
root/Monocyte/CD14 monocyte,CD14 monocyte,2,46154,45072,0.9460718464271786,0.8496894929240809,1.0,2000,4
root/Monocyte/CD16 monocyte,CD16 monocyte,2,9406,9165,0.9418456304486498,0.9014904829714376,1.0,2000,4
root/DC,DC,1,4643,4457,0.9980615981046737,0.9893101423520996,1.0,2000,4
root/DC/cDC2,cDC2,2,2803,2624,0.819835890117731,0.803500978134888,1.0,2000,4
root/Progenitor cell/Progenitor cell,Progenitor cell,2,264,263,1.0,1.0,1.0,2000,4
